{
    "parent": "item/generated",
    "textures": {
        "layer0": "item/paper"
    },

    "overrides": [
        { "predicate": { "custom_model_data": 1 }, "model": "addon:block/cirno_fumo" },
        { "predicate": { "custom_model_data": 2 }, "model": "addon:block/mokou_fumo" },
        { "predicate": { "custom_model_data": 3 }, "model": "addon:block/seal_statue" },
        { "predicate": { "custom_model_data": 4 }, "model": "addon:block/seal" },
        { "predicate": { "custom_model_data": 5 }, "model": "addon:block/pebbles" },
        { "predicate": { "custom_model_data": 6 }, "model": "addon:block/log_pile" },
        { "predicate": { "custom_model_data": 7 }, "model": "addon:block/clay_pot_0" },
        { "predicate": { "custom_model_data": 8 }, "model": "addon:block/clay_pot_1" },
        { "predicate": { "custom_model_data": 9 }, "model": "addon:block/present_0" },
        { "predicate": { "custom_model_data": 10 }, "model": "addon:block/present_1" },
        { "predicate": { "custom_model_data": 11 }, "model": "addon:block/pumpkin_0" },
        { "predicate": { "custom_model_data": 12 }, "model": "addon:block/pumpkin_1" },
        { "predicate": { "custom_model_data": 13 }, "model": "addon:block/snowman_0" },
        { "predicate": { "custom_model_data": 14 }, "model": "addon:block/snowman_1" },
        { "predicate": { "custom_model_data": 15 }, "model": "addon:block/flower_pot" },
        { "predicate": { "custom_model_data": 16 }, "model": "addon:block/barrel_0" },
        { "predicate": { "custom_model_data": 17 }, "model": "addon:block/barrel_1" },
        { "predicate": { "custom_model_data": 18 }, "model": "addon:block/barrel_2" },
        { "predicate": { "custom_model_data": 19 }, "model": "addon:block/barrel_3" },
        { "predicate": { "custom_model_data": 20 }, "model": "addon:block/bucket_0" },
        { "predicate": { "custom_model_data": 21 }, "model": "addon:block/bucket_1" },
        { "predicate": { "custom_model_data": 22 }, "model": "addon:block/bucket_2" },
        { "predicate": { "custom_model_data": 23 }, "model": "addon:block/bucket_3" },
        { "predicate": { "custom_model_data": 24 }, "model": "addon:block/basket" },
        { "predicate": { "custom_model_data": 25 }, "model": "addon:block/bowl_0" },
        { "predicate": { "custom_model_data": 26 }, "model": "addon:block/bowl_1" },
        { "predicate": { "custom_model_data": 27 }, "model": "addon:block/bowl_2" },
        { "predicate": { "custom_model_data": 28 }, "model": "addon:block/bowl_3" },
        { "predicate": { "custom_model_data": 29 }, "model": "addon:block/bowl_4" },
        { "predicate": { "custom_model_data": 30 }, "model": "addon:block/bowl_5" },
        { "predicate": { "custom_model_data": 31 }, "model": "addon:block/globe_0" },
        { "predicate": { "custom_model_data": 32 }, "model": "addon:block/globe_1" },
        { "predicate": { "custom_model_data": 33 }, "model": "addon:block/gunpowder" },
        { "predicate": { "custom_model_data": 34 }, "model": "addon:block/half_barrel_0" },
        { "predicate": { "custom_model_data": 35 }, "model": "addon:block/half_barrel_1" },
        { "predicate": { "custom_model_data": 36 }, "model": "addon:block/half_barrel_2" },
        { "predicate": { "custom_model_data": 37 }, "model": "addon:block/half_barrel_3" },
        { "predicate": { "custom_model_data": 38 }, "model": "addon:block/milk_jar" },
        { "predicate": { "custom_model_data": 39 }, "model": "addon:block/pumpkin_seeds" },
        { "predicate": { "custom_model_data": 40 }, "model": "addon:block/redstone_bag" },
        { "predicate": { "custom_model_data": 41 }, "model": "addon:block/scale" },
        { "predicate": { "custom_model_data": 42 }, "model": "addon:block/sugar_0" },
        { "predicate": { "custom_model_data": 43 }, "model": "addon:block/sugar_1" },
        { "predicate": { "custom_model_data": 44 }, "model": "addon:block/sugar_2" },
        { "predicate": { "custom_model_data": 45 }, "model": "addon:block/watering_can" },
        { "predicate": { "custom_model_data": 46 }, "model": "addon:block/wheat_bag" },
        { "predicate": { "custom_model_data": 47 }, "model": "addon:block/wheat_seeds" },
        { "predicate": { "custom_model_data": 48 }, "model": "addon:block/oak_trapdoor" },
        { "predicate": { "custom_model_data": 49 }, "model": "addon:block/spruce_trapdoor" },
        { "predicate": { "custom_model_data": 50 }, "model": "addon:block/birch_trapdoor" },
        { "predicate": { "custom_model_data": 51 }, "model": "addon:block/paper_0" },
        { "predicate": { "custom_model_data": 52 }, "model": "addon:block/paper_1" }

    ]
}