{
  "ambientocclusion": false,
  "parent": "addon:block/cmd_item",
  "textures": {
    "0": "addon:block/barrel_top",
    "1": "block/barrel_side",
    "1_0": "addon:block/barrel_3",
    "1_1": "addon:block/barrel_0_01"
  },
  "elements": [
    {
      "from": [2, 1, 2],
      "to": [14, 15, 14],
      "faces": {
        "up": {"uv": [2, 2, 14, 14], "texture": "#1_0"},
        "down": {"uv": [2, 14, 14, 2], "texture": "#0"}
      }
    },
    {
      "from": [0, 0, 0],
      "to": [16, 16, 2],
      "faces": {
        "north": {"uv": [0, 0, 16, 16], "texture": "#1"},
        "east": {"uv": [14, 0, 16, 16], "texture": "#1"},
        "south": {"uv": [0, 0, 16, 16], "texture": "#0"},
        "west": {"uv": [0, 0, 2, 16], "texture": "#1"},
        "up": {"uv": [0, 0, 16, 2], "texture": "#0"},
        "down": {"uv": [0, 14, 16, 16], "texture": "#0"}
      }
    },
    {
      "from": [0, 0, 14],
      "to": [16, 16, 16],
      "faces": {
        "north": {"uv": [0, 0, 16, 16], "texture": "#0"},
        "east": {"uv": [0, 0, 2, 16], "texture": "#1"},
        "south": {"uv": [0, 0, 16, 16], "texture": "#1"},
        "west": {"uv": [14, 0, 16, 16], "texture": "#1"},
        "up": {"uv": [0, 14, 16, 16], "texture": "#0"},
        "down": {"uv": [0, 0, 16, 2], "texture": "#0"}
      }
    },
    {
      "from": [0, 0, 2],
      "to": [2, 16, 14],
      "faces": {
        "east": {"uv": [2, 0, 14, 16], "texture": "#0"},
        "west": {"uv": [2, 0, 14, 16], "texture": "#1"},
        "up": {"uv": [0, 2, 2, 14], "texture": "#0"},
        "down": {"uv": [0, 2, 2, 14], "texture": "#0"}
      }
    },
    {
      "from": [14, 0, 2],
      "to": [16, 16, 14],
      "faces": {
        "east": {"uv": [2, 0, 14, 16], "texture": "#1"},
        "west": {"uv": [2, 0, 14, 16], "texture": "#0"},
        "up": {"uv": [14, 2, 16, 14], "texture": "#0"},
        "down": {"uv": [14, 2, 16, 14], "texture": "#0"}
      }
    },
    {
      "from": [6, 15, 9],
      "to": [12, 16, 13],
      "faces": {
        "north": {"uv": [10, 7, 4, 8], "texture": "#1_0"},
        "east": {"uv": [9, 7, 10, 11], "rotation": 90, "texture": "#1_0"},
        "south": {"uv": [4, 10, 10, 11], "texture": "#1_0"},
        "west": {"uv": [4, 7, 5, 11], "rotation": 270, "texture": "#1_0"},
        "up": {"uv": [4, 7, 10, 11], "texture": "#1_0"}
      }
    },
    {
      "from": [11, 15, 9],
      "to": [13, 16, 13],
      "rotation": {"angle": 22.5, "axis": "z", "origin": [12, 16, 11]},
      "faces": {
        "north": {"uv": [11, 7, 9, 8], "texture": "#1_0"},
        "east": {"uv": [10, 7, 11, 11], "rotation": 90, "texture": "#1_0"},
        "south": {"uv": [9, 10, 11, 11], "texture": "#1_0"},
        "up": {"uv": [9, 7, 11, 11], "texture": "#1_0"}
      }
    },
    {
      "from": [13, 15, 10],
      "to": [15, 16, 12],
      "rotation": {"angle": 22.5, "axis": "z", "origin": [12, 16, 11]},
      "faces": {
        "north": {"uv": [13, 8, 11, 9], "texture": "#1_0"},
        "east": {"uv": [12, 8, 13, 10], "rotation": 90, "texture": "#1_0"},
        "south": {"uv": [11, 9, 13, 10], "texture": "#1_0"},
        "west": {"uv": [11, 8, 12, 10], "rotation": 270, "texture": "#1_0"},
        "up": {"uv": [11, 8, 13, 10], "texture": "#1_0"},
        "down": {"uv": [11, 10, 13, 8], "texture": "#1_0"}
      }
    },
    {
      "from": [14, 15.5, 9],
      "to": [16, 15.5, 13],
      "rotation": {"angle": 22.5, "axis": "z", "origin": [12, 16, 11]},
      "faces": {
        "up": {"uv": [13, 7, 15, 11], "texture": "#1_1"},
        "down": {"uv": [13, 11, 15, 7], "texture": "#1_1"}
      }
    },
    {
      "from": [5, 15, 3],
      "to": [12, 16, 7],
      "faces": {
        "north": {"uv": [4, 7, 10, 8], "texture": "#1_0"},
        "east": {"uv": [4, 11, 5, 7], "rotation": 270, "texture": "#1_0"},
        "south": {"uv": [10, 10, 4, 11], "texture": "#1_0"},
        "west": {"uv": [10, 11, 11, 7], "rotation": 90, "texture": "#1_0"},
        "up": {"uv": [4, 11, 11, 7], "rotation": 180, "texture": "#1_0"}
      }
    },
    {
      "from": [3, 15, 4],
      "to": [5, 16, 6],
      "faces": {
        "north": {"uv": [11, 8, 13, 9], "texture": "#1_0"},
        "east": {"uv": [11, 10, 12, 8], "rotation": 270, "texture": "#1_0"},
        "south": {"uv": [13, 9, 11, 10], "texture": "#1_0"},
        "west": {"uv": [12, 10, 13, 8], "rotation": 90, "texture": "#1_0"},
        "up": {"uv": [11, 10, 13, 8], "rotation": 180, "texture": "#1_0"}
      }
    },
    {
      "from": [2, 15.5, 3],
      "to": [4, 15.5, 7],
      "faces": {
        "up": {"uv": [15, 7, 13, 11], "texture": "#1_1"},
        "down": {"uv": [15, 11, 13, 7], "texture": "#1_1"}
      }
    }
  ],
  "groups": [0, 1, 2, 3, 4,
    {
      "name": "group",
      "origin": [12, 16, 11],
      "children": [5, 6, 7, 8]
    },
    {
      "name": "group",
      "origin": [12, 16, 11],
      "children": [9, 10, 11]
    }
  ]
}