{
  "ambientocclusion": false,
  "parent": "addon:block/cmd_item",
  "textures": {
    "0": "addon:block/barrel_top",
    "1": "block/barrel_side",
    "1_0": "addon:block/barrel_1",
    "1_1": "addon:block/barrel_0_01"
  },
  "elements": [
    {
      "from": [2, 1, 2],
      "to": [14, 15, 14],
      "faces": {
        "up": {"uv": [2, 2, 14, 14], "texture": "#1_0"},
        "down": {"uv": [2, 14, 14, 2], "texture": "#0"}
      }
    },
    {
      "from": [0, 0, 0],
      "to": [16, 16, 2],
      "faces": {
        "north": {"uv": [0, 0, 16, 16], "texture": "#1"},
        "east": {"uv": [14, 0, 16, 16], "texture": "#1"},
        "south": {"uv": [0, 0, 16, 16], "texture": "#0"},
        "west": {"uv": [0, 0, 2, 16], "texture": "#1"},
        "up": {"uv": [0, 0, 16, 2], "texture": "#0"},
        "down": {"uv": [0, 14, 16, 16], "texture": "#0"}
      }
    },
    {
      "from": [0, 0, 14],
      "to": [16, 16, 16],
      "faces": {
        "north": {"uv": [0, 0, 16, 16], "texture": "#0"},
        "east": {"uv": [0, 0, 2, 16], "texture": "#1"},
        "south": {"uv": [0, 0, 16, 16], "texture": "#1"},
        "west": {"uv": [14, 0, 16, 16], "texture": "#1"},
        "up": {"uv": [0, 14, 16, 16], "texture": "#0"},
        "down": {"uv": [0, 0, 16, 2], "texture": "#0"}
      }
    },
    {
      "from": [0, 0, 2],
      "to": [2, 16, 14],
      "faces": {
        "east": {"uv": [2, 0, 14, 16], "texture": "#0"},
        "west": {"uv": [2, 0, 14, 16], "texture": "#1"},
        "up": {"uv": [0, 2, 2, 14], "texture": "#0"},
        "down": {"uv": [0, 2, 2, 14], "texture": "#0"}
      }
    },
    {
      "from": [14, 0, 2],
      "to": [16, 16, 14],
      "faces": {
        "east": {"uv": [2, 0, 14, 16], "texture": "#1"},
        "west": {"uv": [2, 0, 14, 16], "texture": "#0"},
        "up": {"uv": [14, 2, 16, 14], "texture": "#0"},
        "down": {"uv": [14, 2, 16, 14], "texture": "#0"}
      }
    },
    {
      "from": [4, 15, 8],
      "to": [9, 16, 11],
      "faces": {
        "north": {"uv": [12, 2, 7, 3], "texture": "#1_1"},
        "east": {"uv": [11, 2, 12, 5], "rotation": 90, "texture": "#1_1"},
        "south": {"uv": [7, 4, 12, 5], "texture": "#1_1"},
        "west": {"uv": [7, 2, 8, 5], "rotation": 270, "texture": "#1_1"},
        "up": {"uv": [7, 2, 12, 5], "texture": "#1_1"}
      }
    },
    {
      "from": [5, 15, 7],
      "to": [8, 16, 12],
      "faces": {
        "north": {"uv": [11, 1, 8, 2], "texture": "#1_1"},
        "east": {"uv": [10, 1, 11, 6], "rotation": 90, "texture": "#1_1"},
        "south": {"uv": [8, 5, 11, 6], "texture": "#1_1"},
        "west": {"uv": [8, 1, 9, 6], "rotation": 270, "texture": "#1_1"},
        "up": {"uv": [8, 1, 11, 6], "texture": "#1_1"}
      }
    },
    {
      "from": [4, 16.25, 10],
      "to": [6, 16.25, 12],
      "faces": {
        "up": {"uv": [13, 2, 15, 4], "texture": "#1_1"}
      }
    }
  ]
}