{
  "ambientocclusion": false,
  "parent": "addon:block/cmd_item",
  "textures": {
    "0": "addon:block/barrel_top",
    "1": "block/barrel_side",
    "1_0": "addon:block/barrel_2"
  },
  "elements": [
    {
      "from": [2, 1, 2],
      "to": [14, 15, 14],
      "faces": {
        "up": {"uv": [2, 2, 14, 14], "texture": "#1_0"},
        "down": {"uv": [2, 14, 14, 2], "texture": "#0"}
      }
    },
    {
      "from": [0, 0, 0],
      "to": [16, 16, 2],
      "faces": {
        "north": {"uv": [0, 0, 16, 16], "texture": "#1"},
        "east": {"uv": [14, 0, 16, 16], "texture": "#1"},
        "south": {"uv": [0, 0, 16, 16], "texture": "#0"},
        "west": {"uv": [0, 0, 2, 16], "texture": "#1"},
        "up": {"uv": [0, 0, 16, 2], "texture": "#0"},
        "down": {"uv": [0, 14, 16, 16], "texture": "#0"}
      }
    },
    {
      "from": [0, 0, 14],
      "to": [16, 16, 16],
      "faces": {
        "north": {"uv": [0, 0, 16, 16], "texture": "#0"},
        "east": {"uv": [0, 0, 2, 16], "texture": "#1"},
        "south": {"uv": [0, 0, 16, 16], "texture": "#1"},
        "west": {"uv": [14, 0, 16, 16], "texture": "#1"},
        "up": {"uv": [0, 14, 16, 16], "texture": "#0"},
        "down": {"uv": [0, 0, 16, 2], "texture": "#0"}
      }
    },
    {
      "from": [0, 0, 2],
      "to": [2, 16, 14],
      "faces": {
        "east": {"uv": [2, 0, 14, 16], "texture": "#0"},
        "west": {"uv": [2, 0, 14, 16], "texture": "#1"},
        "up": {"uv": [0, 2, 2, 14], "texture": "#0"},
        "down": {"uv": [0, 2, 2, 14], "texture": "#0"}
      }
    },
    {
      "from": [14, 0, 2],
      "to": [16, 16, 14],
      "faces": {
        "east": {"uv": [2, 0, 14, 16], "texture": "#1"},
        "west": {"uv": [2, 0, 14, 16], "texture": "#0"},
        "up": {"uv": [14, 2, 16, 14], "texture": "#0"},
        "down": {"uv": [14, 2, 16, 14], "texture": "#0"}
      }
    },
    {
      "from": [7, 15, 4],
      "to": [12, 16, 7],
      "faces": {
        "north": {"uv": [12, 4, 7, 5], "texture": "#1_0"},
        "east": {"uv": [11, 4, 12, 7], "rotation": 90, "texture": "#1_0"},
        "south": {"uv": [7, 6, 12, 7], "texture": "#1_0"},
        "west": {"uv": [7, 4, 8, 7], "rotation": 270, "texture": "#1_0"},
        "up": {"uv": [7, 4, 12, 7], "texture": "#1_0"}
      }
    },
    {
      "from": [8, 15, 3],
      "to": [11, 16, 8],
      "faces": {
        "north": {"uv": [11, 3, 8, 4], "texture": "#1_0"},
        "east": {"uv": [10, 3, 11, 8], "rotation": 90, "texture": "#1_0"},
        "south": {"uv": [8, 7, 11, 8], "texture": "#1_0"},
        "west": {"uv": [8, 3, 9, 8], "rotation": 270, "texture": "#1_0"},
        "up": {"uv": [8, 3, 11, 8], "texture": "#1_0"}
      }
    }
  ]
}