{
  "parent": "addon:block/cmd_item",
  "ambientocclusion": false,
  "textures": {
    "0": "addon:block/basket"
  },
  "elements": [
    {
      "from": [13, 1, 1],
      "to": [15, 4, 15],
      "faces": {
        "north": {"uv": [1, 13, 3, 16], "texture": "#0"},
        "east": {"uv": [1, 13, 15, 16], "texture": "#0"},
        "south": {"uv": [13, 13, 15, 16], "texture": "#0"},
        "west": {"uv": [1, 13, 15, 16], "texture": "#0"},
        "up": {"uv": [13, 0, 15, 14], "texture": "#0"},
        "down": {"uv": [13, 0, 15, 14], "texture": "#0"}
      }
    },
    {
      "from": [1, 1, 1],
      "to": [3, 4, 15],
      "faces": {
        "north": {"uv": [13, 13, 15, 16], "texture": "#0"},
        "east": {"uv": [1, 13, 15, 16], "texture": "#0"},
        "south": {"uv": [1, 13, 3, 16], "texture": "#0"},
        "west": {"uv": [1, 13, 15, 16], "texture": "#0"},
        "up": {"uv": [1, 0, 3, 14], "texture": "#0"},
        "down": {"uv": [1, 0, 3, 14], "texture": "#0"}
      }
    },
    {
      "from": [3, 1, 13],
      "to": [13, 4, 15],
      "faces": {
        "north": {"uv": [3, 13, 13, 16], "texture": "#0"},
        "south": {"uv": [3, 13, 13, 16], "texture": "#0"},
        "up": {"uv": [3, 12, 13, 14], "texture": "#0"},
        "down": {"uv": [3, 12, 13, 14], "texture": "#0"}
      }
    },
    {
      "from": [3, 1, 1],
      "to": [13, 4, 3],
      "faces": {
        "north": {"uv": [3, 13, 13, 16], "texture": "#0"},
        "south": {"uv": [3, 13, 13, 16], "texture": "#0"},
        "up": {"uv": [3, 0, 13, 2], "texture": "#0"},
        "down": {"uv": [3, 0, 13, 2], "texture": "#0"}
      }
    },
    {
      "from": [2, 0, 2],
      "to": [14, 1, 14],
      "faces": {
        "north": {"uv": [2, 15, 14, 16], "texture": "#0"},
        "east": {"uv": [2, 15, 14, 16], "texture": "#0"},
        "south": {"uv": [2, 15, 14, 16], "texture": "#0"},
        "west": {"uv": [2, 15, 14, 16], "texture": "#0"},
        "up": {"uv": [2, 1, 14, 13], "texture": "#0"},
        "down": {"uv": [2, 1, 14, 13], "texture": "#0"}
      }
    },
    {
      "from": [15, 2, 5],
      "to": [17, 3, 11],
      "faces": {
        "north": {"uv": [16, 4, 14, 5], "texture": "#0"},
        "east": {"uv": [16, 4, 15, 10], "rotation": 90, "texture": "#0"},
        "south": {"uv": [14, 9, 16, 10], "texture": "#0"},
        "up": {"uv": [14, 4, 16, 10], "texture": "#0"},
        "down": {"uv": [14, 10, 16, 4], "texture": "#0"}
      }
    },
    {
      "from": [-1, 2, 5],
      "to": [1, 3, 11],
      "faces": {
        "north": {"uv": [2, 4, 0, 5], "texture": "#0"},
        "south": {"uv": [0, 9, 2, 10], "texture": "#0"},
        "west": {"uv": [0, 4, 1, 10], "rotation": 90, "texture": "#0"},
        "up": {"uv": [0, 4, 2, 10], "texture": "#0"},
        "down": {"uv": [0, 10, 2, 4], "texture": "#0"}
      }
    }
  ]
}