{
	"credit": "Made with Blockbench",
	"parent": "addon:block/cmd_item",
	"textures": {
		"0": "addon:block/book_0"
	},
	"elements": [
		{
			"from": [5, 0, 3],
			"to": [12, 3, 13],
			"faces": {
				"north": {"uv": [0, 0, 7, 3], "texture": "#0"},
				"east": {"uv": [10, 3, 13, 13], "texture": "#0", "rotation": 90},
				"south": {"uv": [7, 0, 14, 3], "texture": "#0"},
				"west": {"uv": [0, 3, 3, 13], "texture": "#0", "rotation": 270},
				"up": {"uv": [3, 3, 10, 13], "texture": "#0"},
				"down": {"uv": [3, 13, 10, 3], "texture": "#0"}
			}
		}
	]
}