{
	"credit": "Made with Blockbench",
	"parent": "addon:block/cmd_item",
	"textures": {
		"0": "addon:block/book_0",
		"1": "addon:block/book_1"
	},
	"elements": [
		{
			"from": [1, 0, 3],
			"to": [8, 1, 13],
			"faces": {
				"north": {"uv": [7, 0, 14, 1], "texture": "#0"},
				"east": {"uv": [10, 3, 11, 13], "rotation": 90, "texture": "#0"},
				"south": {"uv": [0, 0, 8, 1], "texture": "#0"},
				"west": {"uv": [10, 3, 11, 13], "rotation": 90, "texture": "#0"},
				"up": {"uv": [0, 3, 7, 13], "texture": "#1"},
				"down": {"uv": [10, 13, 3, 3], "texture": "#0"}
			}
		},
		{
			"from": [8.5, 0, 3],
			"to": [15.5, 1, 13],
			"faces": {
				"north": {"uv": [0, 0, 8, 1], "texture": "#0"},
				"east": {"uv": [12, 3, 13, 13], "rotation": 90, "texture": "#0"},
				"south": {"uv": [6, 0, 14, 1], "texture": "#0"},
				"west": {"uv": [12, 3, 13, 13], "rotation": 270, "texture": "#0"},
				"up": {"uv": [3, 3, 10, 13], "texture": "#0"},
				"down": {"uv": [3, 13, 10, 3], "texture": "#0"}
			}
		},
		{
			"from": [8, 1, 3],
			"to": [15, 2, 13],
			"faces": {
				"north": {"uv": [1, 1, 8, 2], "texture": "#1"},
				"east": {"uv": [11, 3, 12, 13], "rotation": 90, "texture": "#0"},
				"south": {"uv": [1, 1, 8, 2], "texture": "#1"},
				"west": {"uv": [11, 3, 12, 13], "rotation": 90, "texture": "#0"},
				"up": {"uv": [7, 3, 14, 13], "texture": "#1"},
				"down": {"uv": [15, 13, 8, 3], "texture": "#1"}
			}
		}
	]
}