{
  "parent": "addon:block/cmd_item",
  "ambientocclusion": false,
  "textures": {
    "0": "addon:block/bowl_0",
    "1": "addon:block/bowl_1"
  },
  "elements": [
    {
      "from": [11.5, 4.5, 4.5],
      "to": [12.5, 6.5, 11.5],
      "faces": {
        "east": {"uv": [1, 11, 8, 13], "texture": "#0"},
        "west": {"uv": [1, 9, 8, 11], "texture": "#0"},
        "up": {"uv": [0, 1, 1, 8], "texture": "#0"},
        "down": {"uv": [1, 1, 2, 8], "texture": "#0"}
      }
    },
    {
      "from": [3.5, 4.5, 4.5],
      "to": [4.5, 6.5, 11.5],
      "faces": {
        "east": {"uv": [1, 9, 8, 11], "texture": "#0"},
        "west": {"uv": [1, 11, 8, 13], "texture": "#0"},
        "up": {"uv": [0, 1, 1, 8], "texture": "#0"},
        "down": {"uv": [1, 1, 2, 8], "texture": "#0"}
      }
    },
    {
      "from": [3.5, 4.5, 11.5],
      "to": [12.5, 6.5, 12.5],
      "faces": {
        "north": {"uv": [0, 9, 9, 11], "texture": "#0"},
        "east": {"uv": [0, 11, 1, 13], "texture": "#0"},
        "south": {"uv": [0, 11, 9, 13], "texture": "#0"},
        "west": {"uv": [8, 11, 9, 13], "texture": "#0"},
        "up": {"uv": [0, 0, 1, 9], "rotation": 90, "texture": "#0"},
        "down": {"uv": [1, 0, 2, 9], "rotation": 90, "texture": "#0"}
      }
    },
    {
      "from": [3.5, 4.5, 3.5],
      "to": [12.5, 6.5, 4.5],
      "faces": {
        "north": {"uv": [0, 11, 9, 13], "texture": "#0"},
        "east": {"uv": [8, 11, 9, 13], "texture": "#0"},
        "south": {"uv": [0, 9, 9, 11], "texture": "#0"},
        "west": {"uv": [0, 11, 1, 13], "texture": "#0"},
        "up": {"uv": [0, 0, 1, 9], "rotation": 90, "texture": "#0"},
        "down": {"uv": [1, 0, 2, 9], "rotation": 90, "texture": "#0"}
      }
    },
    {
      "from": [4, 3.5, 4],
      "to": [12, 4.5, 12],
      "faces": {
        "north": {"uv": [0, 14, 8, 15], "texture": "#0"},
        "east": {"uv": [0, 14, 8, 15], "texture": "#0"},
        "south": {"uv": [0, 14, 8, 15], "texture": "#0"},
        "west": {"uv": [0, 14, 8, 15], "texture": "#0"},
        "up": {"uv": [2, 0, 10, 8], "texture": "#0"},
        "down": {"uv": [2, 0, 10, 8], "texture": "#0"}
      }
    },
    {
      "from": [5, 2.5, 5],
      "to": [11, 3.5, 11],
      "faces": {
        "north": {"uv": [1, 15, 7, 16], "texture": "#0"},
        "east": {"uv": [1, 15, 7, 16], "texture": "#0"},
        "south": {"uv": [1, 15, 7, 16], "texture": "#0"},
        "west": {"uv": [1, 15, 7, 16], "texture": "#0"}
      }
    },
    {
      "from": [4.5, 0, 4.5],
      "to": [11.5, 1, 11.5],
      "faces": {
        "north": {"uv": [15, 2, 16, 9], "rotation": 90, "texture": "#1"},
        "east": {"uv": [15, 2, 16, 9], "rotation": 90, "texture": "#1"},
        "south": {"uv": [15, 2, 16, 9], "rotation": 90, "texture": "#1"},
        "west": {"uv": [15, 2, 16, 9], "rotation": 90, "texture": "#1"},
        "down": {"uv": [4, 2, 11, 9], "texture": "#1"}
      }
    },
    {
      "from": [2.5, 1, 2.5],
      "to": [13.5, 2, 13.5],
      "faces": {
        "north": {"uv": [14, 0, 15, 11], "rotation": 90, "texture": "#1"},
        "east": {"uv": [14, 0, 15, 11], "rotation": 90, "texture": "#1"},
        "south": {"uv": [14, 0, 15, 11], "rotation": 90, "texture": "#1"},
        "west": {"uv": [14, 0, 15, 11], "rotation": 90, "texture": "#1"},
        "up": {"uv": [2, 0, 13, 11], "texture": "#1"},
        "down": {"uv": [2, 0, 13, 11], "texture": "#1"}
      }
    },
    {
      "from": [1.5, 2, 1.5],
      "to": [14.5, 4, 2.5],
      "faces": {
        "north": {"uv": [3, 14, 16, 16], "texture": "#1"},
        "east": {"uv": [15, 14, 16, 16], "texture": "#1"},
        "south": {"uv": [3, 12, 16, 14], "texture": "#1"},
        "west": {"uv": [3, 14, 4, 16], "texture": "#1"},
        "up": {"uv": [0, 0, 1, 13], "rotation": 90, "texture": "#1"},
        "down": {"uv": [1, 0, 2, 13], "rotation": 90, "texture": "#1"}
      }
    },
    {
      "from": [1.5, 2, 13.5],
      "to": [14.5, 4, 14.5],
      "faces": {
        "north": {"uv": [3, 12, 16, 14], "texture": "#1"},
        "east": {"uv": [3, 14, 4, 16], "texture": "#1"},
        "south": {"uv": [3, 14, 16, 16], "texture": "#1"},
        "west": {"uv": [15, 14, 16, 16], "texture": "#1"},
        "up": {"uv": [0, 0, 1, 13], "rotation": 90, "texture": "#1"},
        "down": {"uv": [1, 0, 2, 13], "rotation": 90, "texture": "#1"}
      }
    },
    {
      "from": [1.5, 2, 2.5],
      "to": [2.5, 4, 13.5],
      "faces": {
        "east": {"uv": [4, 12, 15, 14], "texture": "#1"},
        "west": {"uv": [4, 14, 15, 16], "texture": "#1"},
        "up": {"uv": [0, 1, 1, 12], "texture": "#1"},
        "down": {"uv": [1, 1, 2, 12], "texture": "#1"}
      }
    },
    {
      "from": [13.5, 2, 2.5],
      "to": [14.5, 4, 13.5],
      "faces": {
        "east": {"uv": [4, 14, 15, 16], "texture": "#1"},
        "west": {"uv": [4, 12, 15, 14], "texture": "#1"},
        "up": {"uv": [0, 1, 1, 12], "texture": "#1"},
        "down": {"uv": [1, 1, 2, 12], "texture": "#1"}
      }
    }
  ],
  "groups": [
    {
      "name": "bowl1",
      "origin": [8, 8, 8],
      "children": [0, 1, 2, 3, 4, 5]
    },
    {
      "name": "bowl2",
      "origin": [9, 8, 8],
      "children": [6, 7, 8, 9, 10, 11]
    }
  ]
}