{
  "parent": "addon:block/cmd_item",
  "ambientocclusion": false,
  "textures": {
    "0": "addon:block/bowl_2",
    "1": "block/brown_wool"
  },
  "elements": [
    {
      "from": [0, 0, 1],
      "to": [16, 0.5, 15],
      "faces": {
        "north": {"uv": [0, 1, 16, 1.5], "texture": "#1"},
        "east": {"uv": [1, 0, 15, 0.5], "texture": "#1"},
        "south": {"uv": [0, 14, 16, 14.5], "texture": "#1"},
        "west": {"uv": [1, 0, 15, 0.5], "texture": "#1"},
        "up": {"uv": [0, 1, 16, 15], "texture": "#1"},
        "down": {"uv": [0, 15, 16, 1], "texture": "#1"}
      }
    },
    {
      "from": [12.75, 0.5, 7.5],
      "to": [14.25, 1.5, 13.5],
      "faces": {
        "north": {"uv": [14, 3, 15, 4], "texture": "#0"},
        "east": {"uv": [15, 3, 16, 9], "rotation": 90, "texture": "#0"},
        "south": {"uv": [14, 9, 15, 10], "texture": "#0"},
        "west": {"uv": [15, 3, 16, 9], "rotation": 270, "texture": "#0"},
        "up": {"uv": [14, 3, 15, 9], "texture": "#0"}
      }
    },
    {
      "from": [12, 0.75, 4.5],
      "to": [15, 1.25, 7.5],
      "faces": {
        "north": {"uv": [13, 0, 16, 0.5], "texture": "#0"},
        "east": {"uv": [13, 0, 16, 0.5], "texture": "#0"},
        "south": {"uv": [13, 0, 16, 0.5], "texture": "#0"},
        "west": {"uv": [13, 0, 16, 0.5], "texture": "#0"},
        "up": {"uv": [13, 0, 16, 3], "texture": "#0"},
        "down": {"uv": [13, 0, 16, 3], "texture": "#0"}
      }
    },
    {
      "from": [3, 0.5, 4.5],
      "to": [10, 1.5, 11.5],
      "faces": {
        "north": {"uv": [1, 11, 8, 12], "texture": "#0"},
        "east": {"uv": [1, 11, 8, 12], "texture": "#0"},
        "south": {"uv": [1, 11, 8, 12], "texture": "#0"},
        "west": {"uv": [1, 11, 8, 12], "texture": "#0"},
        "up": {"uv": [1, 1, 8, 8], "texture": "#0"}
      }
    },
    {
      "from": [2, 1.5, 3.5],
      "to": [11, 3.5, 4.5],
      "faces": {
        "north": {"uv": [0, 9, 9, 11], "texture": "#0"},
        "east": {"uv": [8, 9, 9, 11], "texture": "#0"},
        "south": {"uv": [0, 9, 9, 11], "texture": "#0"},
        "west": {"uv": [0, 9, 1, 11], "texture": "#0"},
        "up": {"uv": [0, 0, 9, 1], "texture": "#0"},
        "down": {"uv": [0, 8, 9, 9], "texture": "#0"}
      }
    },
    {
      "from": [2, 1.5, 11.5],
      "to": [11, 3.5, 12.5],
      "faces": {
        "north": {"uv": [0, 9, 9, 11], "texture": "#0"},
        "east": {"uv": [0, 9, 1, 11], "texture": "#0"},
        "south": {"uv": [0, 9, 9, 11], "texture": "#0"},
        "west": {"uv": [8, 9, 9, 11], "texture": "#0"},
        "up": {"uv": [0, 8, 9, 9], "texture": "#0"},
        "down": {"uv": [0, 0, 9, 1], "texture": "#0"}
      }
    },
    {
      "from": [2, 1.5, 4.5],
      "to": [3, 3.5, 11.5],
      "faces": {
        "east": {"uv": [1, 9, 8, 11], "texture": "#0"},
        "west": {"uv": [1, 9, 8, 11], "texture": "#0"},
        "up": {"uv": [0, 1, 1, 8], "texture": "#0"},
        "down": {"uv": [0, 1, 1, 8], "texture": "#0"}
      }
    },
    {
      "from": [10, 1.5, 4.5],
      "to": [11, 3.5, 11.5],
      "faces": {
        "east": {"uv": [1, 9, 8, 11], "texture": "#0"},
        "west": {"uv": [1, 9, 8, 11], "texture": "#0"},
        "up": {"uv": [8, 1, 9, 8], "texture": "#0"},
        "down": {"uv": [8, 1, 9, 8], "texture": "#0"}
      }
    }
  ],
  "groups": [0,
    {
      "name": "cutlery",
      "origin": [8, 8, 8],
      "children": [1, 2]
    },
    {
      "name": "bowl",
      "origin": [8, 8, 8],
      "children": [3, 4, 5, 6, 7]
    }
  ]
}