{
  "parent": "addon:block/cmd_item",
  "ambientocclusion": false,
  "textures": {
    "0": "addon:block/bowl_0"
  },
  "elements": [
    {
      "from": [11.5, 2, 4.5],
      "to": [12.5, 4, 11.5],
      "faces": {
        "east": {"uv": [1, 11, 8, 13], "texture": "#0"},
        "west": {"uv": [1, 9, 8, 11], "texture": "#0"},
        "up": {"uv": [0, 1, 1, 8], "texture": "#0"},
        "down": {"uv": [1, 1, 2, 8], "texture": "#0"}
      }
    },
    {
      "from": [3.5, 2, 4.5],
      "to": [4.5, 4, 11.5],
      "faces": {
        "east": {"uv": [1, 9, 8, 11], "texture": "#0"},
        "west": {"uv": [1, 11, 8, 13], "texture": "#0"},
        "up": {"uv": [0, 1, 1, 8], "texture": "#0"},
        "down": {"uv": [1, 1, 2, 8], "texture": "#0"}
      }
    },
    {
      "from": [3.5, 2, 11.5],
      "to": [12.5, 4, 12.5],
      "faces": {
        "north": {"uv": [0, 9, 9, 11], "texture": "#0"},
        "east": {"uv": [0, 11, 1, 13], "texture": "#0"},
        "south": {"uv": [0, 11, 9, 13], "texture": "#0"},
        "west": {"uv": [8, 11, 9, 13], "texture": "#0"},
        "up": {"uv": [0, 0, 1, 9], "rotation": 90, "texture": "#0"},
        "down": {"uv": [1, 0, 2, 9], "rotation": 90, "texture": "#0"}
      }
    },
    {
      "from": [3.5, 2, 3.5],
      "to": [12.5, 4, 4.5],
      "faces": {
        "north": {"uv": [0, 11, 9, 13], "texture": "#0"},
        "east": {"uv": [8, 11, 9, 13], "texture": "#0"},
        "south": {"uv": [0, 9, 9, 11], "texture": "#0"},
        "west": {"uv": [0, 11, 1, 13], "texture": "#0"},
        "up": {"uv": [0, 0, 1, 9], "rotation": 90, "texture": "#0"},
        "down": {"uv": [1, 0, 2, 9], "rotation": 90, "texture": "#0"}
      }
    },
    {
      "from": [4, 1, 4],
      "to": [12, 2, 12],
      "faces": {
        "north": {"uv": [0, 14, 8, 15], "texture": "#0"},
        "east": {"uv": [0, 14, 8, 15], "texture": "#0"},
        "south": {"uv": [0, 14, 8, 15], "texture": "#0"},
        "west": {"uv": [0, 14, 8, 15], "texture": "#0"},
        "up": {"uv": [2, 0, 10, 8], "texture": "#0"},
        "down": {"uv": [2, 0, 10, 8], "texture": "#0"}
      }
    },
    {
      "from": [5, 0, 5],
      "to": [11, 1, 11],
      "faces": {
        "north": {"uv": [1, 15, 7, 16], "texture": "#0"},
        "east": {"uv": [1, 15, 7, 16], "texture": "#0"},
        "south": {"uv": [1, 15, 7, 16], "texture": "#0"},
        "west": {"uv": [1, 15, 7, 16], "texture": "#0"},
        "down": {"uv": [3, 1, 9, 7], "texture": "#0"}
      }
    },
    {
      "from": [10.5, 4, 8.5],
      "to": [15.5, 5, 9.5],
      "rotation": {"angle": 22.5, "axis": "z", "origin": [11.5, 4, 8]},
      "faces": {
        "north": {"uv": [15, 15, 10, 15.5], "texture": "#0"},
        "east": {"uv": [15, 14, 16, 15], "texture": "#0"},
        "south": {"uv": [10, 15, 15, 15.5], "texture": "#0"},
        "west": {"uv": [15, 14, 16, 15], "texture": "#0"},
        "up": {"uv": [10, 14, 15, 15], "texture": "#0"},
        "down": {"uv": [10, 14, 15, 15], "texture": "#0"}
      }
    },
    {
      "from": [7.5, 4.25, 7.5],
      "to": [10.5, 4.75, 10.5],
      "rotation": {"angle": 22.5, "axis": "z", "origin": [11.5, 4, 8]},
      "faces": {
        "north": {"uv": [13, 13, 16, 14], "texture": "#0"},
        "east": {"uv": [13, 13, 16, 14], "texture": "#0"},
        "south": {"uv": [13, 13, 16, 14], "texture": "#0"},
        "west": {"uv": [13, 13, 16, 14], "texture": "#0"},
        "up": {"uv": [13, 10, 16, 13], "texture": "#0"},
        "down": {"uv": [13, 10, 16, 13], "texture": "#0"}
      }
    }
  ],
  "groups": [
    {
      "name": "bowl",
      "origin": [8, 8, 8],
      "children": [0, 1, 2, 3, 4, 5]
    },
    {
      "name": "spoon",
      "origin": [11, 5, 7],
      "children": [6, 7]
    }
  ]
}