{
  "parent": "addon:block/cmd_item",
  "textures": {
    "0": "addon:block/bucket_1",
    "1": "addon:block/bucket_1_top",
    "2": "addon:block/bucket_1_01"
  },
  "elements": [
    {
      "from": [3.5, 0, 3.5],
      "to": [12.5, 1, 12.5],
      "faces": {
        "up": {"uv": [3, 3, 12, 12], "texture": "#1"},
        "down": {"uv": [3, 3, 12, 12], "texture": "#1"}
      }
    },
    {
      "from": [3.5, 0, 1.5],
      "to": [12.5, 8, 3.5],
      "faces": {
        "north": {"uv": [3, 8, 12, 16], "texture": "#0"},
        "south": {"uv": [3, 0, 12, 8], "texture": "#0"},
        "up": {"uv": [4, 0, 13, 2], "texture": "#1"},
        "down": {"uv": [2, 12, 11, 14], "rotation": 180, "texture": "#1"}
      }
    },
    {
      "from": [3.5, 0, 12.5],
      "to": [12.5, 8, 14.5],
      "faces": {
        "north": {"uv": [3, 0, 12, 8], "texture": "#0"},
        "south": {"uv": [3, 8, 12, 16], "texture": "#0"},
        "up": {"uv": [3, 14, 12, 16], "texture": "#1"},
        "down": {"uv": [2, 14, 11, 16], "rotation": 180, "texture": "#1"}
      }
    },
    {
      "from": [1.5, 0, 1.5],
      "to": [3.5, 8, 14.5],
      "faces": {
        "north": {"uv": [12, 8, 14, 16], "texture": "#0"},
        "east": {"uv": [1, 0, 14, 8], "texture": "#0"},
        "south": {"uv": [1, 8, 3, 16], "texture": "#0"},
        "west": {"uv": [1, 8, 14, 16], "texture": "#0"},
        "up": {"uv": [0, 1, 2, 14], "texture": "#1"},
        "down": {"uv": [0, 14, 13, 16], "rotation": 90, "texture": "#1"}
      }
    },
    {
      "from": [12.5, 0, 1.5],
      "to": [14.5, 8, 14.5],
      "faces": {
        "north": {"uv": [1, 8, 3, 16], "texture": "#0"},
        "east": {"uv": [1, 8, 14, 16], "texture": "#0"},
        "south": {"uv": [12, 8, 14, 16], "texture": "#0"},
        "west": {"uv": [1, 0, 14, 8], "texture": "#0"},
        "up": {"uv": [14, 2, 16, 15], "texture": "#1"},
        "down": {"uv": [0, 12, 13, 14], "rotation": 90, "texture": "#1"}
      }
    },
    {
      "from": [1.5, 8, 6.5],
      "to": [2.5, 15, 9.5],
      "faces": {
        "north": {"uv": [3, 0, 4, 7], "texture": "#2"},
        "east": {"uv": [0, 0, 3, 7], "texture": "#2"},
        "south": {"uv": [3, 0, 4, 7], "texture": "#2"},
        "west": {"uv": [0, 0, 3, 7], "texture": "#2"},
        "up": {"uv": [4, 0, 5, 3], "texture": "#2"}
      }
    },
    {
      "from": [13.5, 8, 6.5],
      "to": [14.5, 15, 9.5],
      "faces": {
        "north": {"uv": [3, 0, 4, 7], "texture": "#2"},
        "east": {"uv": [0, 0, 3, 7], "texture": "#2"},
        "south": {"uv": [3, 0, 4, 7], "texture": "#2"},
        "west": {"uv": [0, 0, 3, 7], "texture": "#2"},
        "up": {"uv": [4, 0, 5, 3], "texture": "#2"}
      }
    },
    {
      "from": [0.5, 12, 7.5],
      "to": [15.5, 14, 8.5],
      "faces": {
        "north": {"uv": [15, 14, 0, 16], "texture": "#2"},
        "east": {"uv": [15, 14, 16, 16], "texture": "#2"},
        "south": {"uv": [0, 14, 15, 16], "texture": "#2"},
        "west": {"uv": [15, 14, 16, 16], "texture": "#2"},
        "up": {"uv": [0, 14, 15, 15], "texture": "#2"},
        "down": {"uv": [0, 15, 15, 16], "texture": "#2"}
      }
    }
  ]
}