{
  "credit": "Made with Blockbench",
  "parent": "addon:block/cmd_item",
  "textures": {
    "0": "addon:block/bucket_0"
  },
  "elements": [
    {
      "from": [3, 0, 3],
      "to": [13, 8, 13],
      "faces": {
        "north": {"uv": [0, 3, 5, 7], "texture": "#0"},
        "east": {"uv": [0, 3, 5, 7], "texture": "#0"},
        "south": {"uv": [0, 3, 5, 7], "texture": "#0"},
        "west": {"uv": [0, 3, 5, 7], "texture": "#0"},
        "up": {"uv": [11, 11, 16, 16], "texture": "#0"},
        "down": {"uv": [0, 7, 5, 12], "texture": "#0"}
      }
    },
    {
      "from": [3, 8, 2],
      "to": [13, 11, 3],
      "faces": {
        "north": {"uv": [0.5, 0.5, 5.5, 2], "texture": "#0"},
        "south": {"uv": [0.5, 0.5, 5.5, 2], "texture": "#0"},
        "up": {"uv": [0.5, 0, 5.5, 0.5], "texture": "#0"},
        "down": {"uv": [0.5, 2, 5.5, 2.5], "texture": "#0"}
      }
    },
    {
      "from": [3, 8, 13],
      "to": [13, 11, 14],
      "faces": {
        "north": {"uv": [0.5, 0.5, 5.5, 2], "texture": "#0"},
        "south": {"uv": [0.5, 0.5, 5.5, 2], "texture": "#0"},
        "up": {"uv": [0.5, 0, 5.5, 0.5], "texture": "#0"},
        "down": {"uv": [0.5, 2, 5.5, 2.5], "texture": "#0"}
      }
    },
    {
      "from": [2, 8, 2],
      "to": [3, 11, 14],
      "faces": {
        "north": {"uv": [5.5, 0.5, 6, 2], "texture": "#0"},
        "east": {"uv": [0, 0.5, 6, 2], "texture": "#0"},
        "south": {"uv": [0, 0.5, 0.5, 2], "texture": "#0"},
        "west": {"uv": [0, 0.5, 6, 2], "texture": "#0"},
        "up": {"uv": [0, 0, 6, 0.5], "texture": "#0", "rotation": 90},
        "down": {"uv": [0, 2, 6, 2.5], "texture": "#0", "rotation": 90}
      }
    },
    {
      "from": [13, 8, 2],
      "to": [14, 11, 14],
      "faces": {
        "north": {"uv": [0, 0.5, 0.5, 2], "texture": "#0"},
        "east": {"uv": [0, 0.5, 6, 2], "texture": "#0"},
        "south": {"uv": [5.5, 0.5, 6, 2], "texture": "#0"},
        "west": {"uv": [0, 0.5, 6, 2], "texture": "#0"},
        "up": {"uv": [0, 0, 6, 0.5], "texture": "#0", "rotation": 90},
        "down": {"uv": [0, 2, 6, 2.5], "texture": "#0", "rotation": 90}
      }
    },
    {
      "from": [4.5, 14.5, 7],
      "to": [11.5, 16.5, 9],
      "faces": {
        "north": {"uv": [1.5, 14, 5, 15], "texture": "#0"},
        "east": {"uv": [0, 14, 1, 15], "texture": "#0"},
        "south": {"uv": [1.5, 14, 5, 15], "texture": "#0"},
        "west": {"uv": [0, 14, 1, 15], "texture": "#0"},
        "up": {"uv": [1.5, 13.5, 5, 14.5], "texture": "#0"},
        "down": {"uv": [1.5, 13.5, 5, 14.5], "texture": "#0"}
      }
    },
    {
      "from": [2, 15, 7.5],
      "to": [14, 16, 8.5],
      "faces": {
        "north": {"uv": [9.5, 0, 15.5, 0.5], "texture": "#0"},
        "south": {"uv": [9.5, 0, 15.5, 0.5], "texture": "#0"},
        "up": {"uv": [9.5, 0, 15.5, 0.5], "texture": "#0"},
        "down": {"uv": [9.5, 0, 15.5, 0.5], "texture": "#0"}
      }
    },
    {
      "from": [2, 6.99, 7.5],
      "to": [14, 7.99, 8.5],
      "faces": {
        "north": {"uv": [9.5, 0, 15.5, 0.5], "texture": "#0"},
        "south": {"uv": [9.5, 0, 15.5, 0.5], "texture": "#0"},
        "up": {"uv": [9.5, 0, 15.5, 0.5], "texture": "#0"},
        "down": {"uv": [9.5, 0, 15.5, 0.5], "texture": "#0"}
      }
    },
    {
      "from": [1, 7, 7.5],
      "to": [2, 16, 8.5],
      "faces": {
        "north": {"uv": [15.5, 0, 16, 4.5], "texture": "#0"},
        "east": {"uv": [15.5, 0, 16, 4.5], "texture": "#0"},
        "south": {"uv": [15.5, 0, 16, 4.5], "texture": "#0"},
        "west": {"uv": [15.5, 0, 16, 4.5], "texture": "#0"},
        "up": {"uv": [15.5, 0, 16, 0.5], "texture": "#0"},
        "down": {"uv": [15.5, 4, 16, 4.5], "texture": "#0"}
      }
    },
    {
      "from": [14, 7, 7.5],
      "to": [15, 16, 8.5],
      "faces": {
        "north": {"uv": [15.5, 0, 16, 4.5], "texture": "#0"},
        "east": {"uv": [15.5, 0, 16, 4.5], "texture": "#0"},
        "south": {"uv": [15.5, 0, 16, 4.5], "texture": "#0"},
        "west": {"uv": [15.5, 0, 16, 4.5], "texture": "#0"},
        "up": {"uv": [15.5, 0, 16, 0.5], "texture": "#0"},
        "down": {"uv": [15.5, 4, 16, 4.5], "texture": "#0"}
      }
    }
  ]
}