{
    "credit": "Made with Blockbench",
    "textures": {
        "0": "addon:block/cirno_fumo"
    },
    "elements": [
        {
            "from": [7.87624, 5.944, 7.1],
            "to": [10.87624, 6.944, 8.1],
            "rotation": {"angle": -45, "axis": "z", "origin": [5.07624, 3.344, 8]},
            "faces": {
                "north": {"uv": [11, 4, 12.5, 4.5], "texture": "#0"},
                "east": {"uv": [8, 2.5, 8.5, 3], "texture": "#0"},
                "south": {"uv": [12, 11.5, 13.5, 12], "texture": "#0"},
                "west": {"uv": [10, 1.5, 10.5, 2], "texture": "#0"},
                "up": {"uv": [13.5, 12.5, 12, 12], "texture": "#0"},
                "down": {"uv": [14, 0, 12.5, 0.5], "texture": "#0"}
            }
        },
        {
            "from": [5.12376, 5.944, 7.1],
            "to": [8.12376, 6.944, 8.1],
            "rotation": {"angle": 45, "axis": "z", "origin": [10.92376, 3.344, 8]},
            "faces": {
                "north": {"uv": [12.5, 0.5, 14, 1], "texture": "#0"},
                "east": {"uv": [10, 2, 10.5, 2.5], "texture": "#0"},
                "south": {"uv": [12.5, 1, 14, 1.5], "texture": "#0"},
                "west": {"uv": [10.5, 1.5, 11, 2], "texture": "#0"},
                "up": {"uv": [14, 4.5, 12.5, 4], "texture": "#0"},
                "down": {"uv": [14, 4.5, 12.5, 5], "texture": "#0"}
            }
        },
        {
            "from": [5.5, 4, 6],
            "to": [10.5, 9, 10],
            "rotation": {"angle": 0, "axis": "y", "origin": [7.5, -1, 8]},
            "faces": {
                "north": {"uv": [3, 0, 5.5, 2.5], "texture": "#0"},
                "east": {"uv": [0, 6, 2, 8.5], "texture": "#0"},
                "south": {"uv": [3, 2.5, 5.5, 5], "texture": "#0"},
                "west": {"uv": [8, 0, 10, 2.5], "texture": "#0"},
                "up": {"uv": [4.5, 10, 2, 8], "texture": "#0"},
                "down": {"uv": [7, 8, 4.5, 10], "texture": "#0"}
            }
        },
        {
            "name": "2",
            "from": [5.25, 3.75, 5.75],
            "to": [10.75, 9.25, 10.25],
            "rotation": {"angle": 0, "axis": "y", "origin": [7.5, -1, 8]},
            "faces": {
                "north": {"uv": [0, 0, 2.5, 2.5], "texture": "#0"},
                "east": {"uv": [3, 5, 5, 7.5], "texture": "#0"},
                "south": {"uv": [0, 3, 2.5, 5.5], "texture": "#0"},
                "west": {"uv": [5.5, 0, 7.5, 2.5], "texture": "#0"},
                "up": {"uv": [8, 5, 5.5, 3], "texture": "#0"},
                "down": {"uv": [8, 5.5, 5.5, 7.5], "texture": "#0"}
            }
        },
        {
            "from": [6.5, 0.3, 7],
            "to": [9.5, 4, 9],
            "rotation": {"angle": 0, "axis": "y", "origin": [7.5, -1, 8]},
            "faces": {
                "north": {"uv": [2, 10, 3.5, 11.75], "texture": "#0"},
                "east": {"uv": [0, 12, 1, 13.75], "texture": "#0"},
                "south": {"uv": [3.5, 10, 5, 11.75], "texture": "#0"},
                "west": {"uv": [1, 12, 2, 13.75], "texture": "#0"},
                "up": {"uv": [9.5, 11, 8, 10], "texture": "#0"},
                "down": {"uv": [3.5, 12, 2, 13], "texture": "#0"}
            }
        },
        {
            "from": [6.25, 0.3, 6.75],
            "to": [9.75, 4, 9.25],
            "rotation": {"angle": 0, "axis": "y", "origin": [7.5, -1, 8]},
            "faces": {
                "north": {"uv": [0, 8.5, 1.5, 10], "texture": "#0"},
                "east": {"uv": [5, 10, 6, 11.5], "texture": "#0"},
                "south": {"uv": [8.5, 4.5, 10, 6], "texture": "#0"},
                "west": {"uv": [6.5, 10, 7.5, 11.5], "texture": "#0"},
                "up": {"uv": [1.75, 11.75, 0, 10.5], "texture": "#0"},
                "down": {"uv": [12.25, 4.5, 10.5, 5.75], "texture": "#0"}
            }
        },
        {
            "from": [6, 0, 6.5],
            "to": [10, 2, 9.5],
            "rotation": {"angle": 0, "axis": "y", "origin": [7.5, -1, 8]},
            "faces": {
                "north": {"uv": [11, 3, 13, 4], "texture": "#0"},
                "east": {"uv": [3.5, 12, 5, 13], "texture": "#0"},
                "south": {"uv": [8, 11, 10, 12], "texture": "#0"},
                "west": {"uv": [5, 12, 6.5, 13], "texture": "#0"},
                "up": {"uv": [10.5, 8, 8.5, 6.5], "texture": "#0"},
                "down": {"uv": [11.5, 8, 9.5, 9.5], "texture": "#0"}
            }
        },
        {
            "from": [5.75, -0.25, 6.25],
            "to": [10.25, 2.25, 9.75],
            "rotation": {"angle": 0, "axis": "y", "origin": [7.5, -1, 8]},
            "faces": {
                "north": {"uv": [9.5, 9.5, 11.5, 10.5], "texture": "#0"},
                "east": {"uv": [10.5, 6, 12, 7], "texture": "#0"},
                "south": {"uv": [10, 0, 12, 1], "texture": "#0"},
                "west": {"uv": [11, 1.5, 12.5, 2.5], "texture": "#0"},
                "up": {"uv": [9.25, 9.75, 7, 8], "texture": "#0"},
                "down": {"uv": [10.5, 2.5, 8.5, 4], "texture": "#0"}
            }
        },
        {
            "from": [7.15, 0.1, 4.7],
            "to": [8.15, 1, 7.7],
            "rotation": {"angle": 22.5, "axis": "y", "origin": [8.5, 0, 8.7]},
            "faces": {
                "north": {"uv": [10.5, 2, 11, 2.5], "texture": "#0"},
                "east": {"uv": [12.5, 5, 14, 5.5], "texture": "#0"},
                "south": {"uv": [10.5, 7.5, 11, 8], "texture": "#0"},
                "west": {"uv": [12.5, 5.5, 14, 6], "texture": "#0"},
                "up": {"uv": [10, 13.5, 9.5, 12], "texture": "#0"},
                "down": {"uv": [13, 6, 12.5, 7.5], "texture": "#0"}
            }
        },
        {
            "from": [7.85, 0.1, 4.7],
            "to": [8.85, 1, 7.7],
            "rotation": {"angle": -22.5, "axis": "y", "origin": [7.5, 0, 8.7]},
            "faces": {
                "north": {"uv": [11, 7.5, 11.5, 8], "texture": "#0"},
                "east": {"uv": [12.5, 7.5, 14, 8], "texture": "#0"},
                "south": {"uv": [12.5, 8.5, 13, 9], "texture": "#0"},
                "west": {"uv": [12.5, 8, 14, 8.5], "texture": "#0"},
                "up": {"uv": [12.5, 14, 12, 12.5], "texture": "#0"},
                "down": {"uv": [13, 12.5, 12.5, 14], "texture": "#0"}
            }
        },
        {
            "from": [7.05, -0.1, 4.6],
            "to": [8.25, 1.1, 5.6],
            "rotation": {"angle": 22.5, "axis": "y", "origin": [8.5, 0, 8.7]},
            "faces": {
                "north": {"uv": [12.5, 9, 13, 9.5], "texture": "#0"},
                "east": {"uv": [13, 1.5, 13.5, 2], "texture": "#0"},
                "south": {"uv": [2, 13, 2.5, 13.5], "texture": "#0"},
                "west": {"uv": [13, 2, 13.5, 2.5], "texture": "#0"},
                "up": {"uv": [3, 13.5, 2.5, 13], "texture": "#0"},
                "down": {"uv": [13.5, 2.5, 13, 3], "texture": "#0"}
            }
        },
        {
            "from": [7.75, -0.1, 4.6],
            "to": [8.95, 1.1, 5.6],
            "rotation": {"angle": -22.5, "axis": "y", "origin": [7.5, 0, 8.7]},
            "faces": {
                "north": {"uv": [3, 13, 3.5, 13.5], "texture": "#0"},
                "east": {"uv": [13, 3, 13.5, 3.5], "texture": "#0"},
                "south": {"uv": [3.5, 13, 4, 13.5], "texture": "#0"},
                "west": {"uv": [13, 3.5, 13.5, 4], "texture": "#0"},
                "up": {"uv": [4.5, 13.5, 4, 13], "texture": "#0"},
                "down": {"uv": [5, 13, 4.5, 13.5], "texture": "#0"}
            }
        },
        {
            "from": [7.55, 9, 8],
            "to": [8.45, 9.5, 9],
            "rotation": {"angle": 0, "axis": "y", "origin": [7.5, 0, 8]},
            "faces": {
                "north": {"uv": [7.5, 13, 8, 13.25], "texture": "#0"},
                "east": {"uv": [8, 13, 8.5, 13.25], "texture": "#0"},
                "south": {"uv": [8.5, 13, 9, 13.25], "texture": "#0"},
                "west": {"uv": [13, 8.5, 13.5, 8.75], "texture": "#0"},
                "up": {"uv": [5.5, 13.5, 5, 13], "texture": "#0"},
                "down": {"uv": [6, 13, 5.5, 13.5], "texture": "#0"}
            }
        },
        {
            "from": [4.05, 8.45, 8.5],
            "to": [6.9, 10.65, 8.5],
            "rotation": {"angle": 0, "axis": "y", "origin": [8, 0, 8]},
            "faces": {
                "north": {"uv": [6.5, 12, 8, 13], "texture": "#0"},
                "east": {"uv": [0, 0, 0, 1], "texture": "#0"},
                "south": {"uv": [8, 12, 9.5, 13], "texture": "#0"},
                "west": {"uv": [0, 0, 0, 1], "texture": "#0"},
                "up": {"uv": [1.5, 0, 0, 0], "texture": "#0"},
                "down": {"uv": [1.5, 0, 0, 0], "texture": "#0"}
            }
        },
        {
            "from": [9.1, 8.45, 8.5],
            "to": [11.95, 10.65, 8.5],
            "rotation": {"angle": 0, "axis": "y", "origin": [8, 0, 8]},
            "faces": {
                "north": {"uv": [12, 9.5, 13.5, 10.5], "texture": "#0"},
                "east": {"uv": [0, 0, 0, 1], "texture": "#0"},
                "south": {"uv": [12, 10.5, 13.5, 11.5], "texture": "#0"},
                "west": {"uv": [0, 0, 0, 1], "texture": "#0"},
                "up": {"uv": [1.5, 0, 0, 0], "texture": "#0"},
                "down": {"uv": [1.5, 0, 0, 0], "texture": "#0"}
            }
        },
        {
            "from": [6.9, 8.7, 8.5],
            "to": [7.65, 9.8, 8.5],
            "rotation": {"angle": 0, "axis": "y", "origin": [8, 0, 8]},
            "faces": {
                "north": {"uv": [6, 13, 6.5, 13.5], "texture": "#0"},
                "east": {"uv": [0, 0, 0, 0.5], "texture": "#0"},
                "south": {"uv": [13, 6, 13.5, 6.5], "texture": "#0"},
                "west": {"uv": [0, 0, 0, 0.5], "texture": "#0"},
                "up": {"uv": [0.5, 0, 0, 0], "texture": "#0"},
                "down": {"uv": [0.5, 0, 0, 0], "texture": "#0"}
            }
        },
        {
            "from": [8.35, 8.7, 8.5],
            "to": [9.1, 9.8, 8.5],
            "rotation": {"angle": 0, "axis": "y", "origin": [8, 0, 8]},
            "faces": {
                "north": {"uv": [6.5, 13, 7, 13.5], "texture": "#0"},
                "east": {"uv": [0, 0, 0, 0.5], "texture": "#0"},
                "south": {"uv": [13, 6.5, 13.5, 7], "texture": "#0"},
                "west": {"uv": [0, 0, 0, 0.5], "texture": "#0"},
                "up": {"uv": [0.5, 0, 0, 0], "texture": "#0"},
                "down": {"uv": [0.5, 0, 0, 0], "texture": "#0"}
            }
        },
        {
            "from": [7.6694, 3.3284, 6.4604],
            "to": [8.3306, 3.9896, 7.1216],
            "rotation": {"angle": 0, "axis": "y", "origin": [7.6694, 0, 8]},
            "faces": {
                "north": {"uv": [9, 13, 9.25, 13.25], "texture": "#0"},
                "east": {"uv": [13, 9, 13.25, 9.25], "texture": "#0"},
                "south": {"uv": [10, 13, 10.25, 13.25], "texture": "#0"},
                "west": {"uv": [10.5, 13, 10.75, 13.25], "texture": "#0"},
                "up": {"uv": [11.25, 13.25, 11, 13], "texture": "#0"},
                "down": {"uv": [11.75, 13, 11.5, 13.25], "texture": "#0"}
            }
        },
        {
            "from": [7.5194, 2.4784, 6.7604],
            "to": [8.4806, 3.4896, 6.7604],
            "rotation": {"angle": 0, "axis": "y", "origin": [7.6694, 0, 8]},
            "faces": {
                "north": {"uv": [7, 13, 7.5, 13.5], "texture": "#0"},
                "east": {"uv": [0, 0, 0, 0.5], "texture": "#0"},
                "south": {"uv": [13, 7, 13.5, 7.5], "texture": "#0"},
                "west": {"uv": [0, 0, 0, 0.5], "texture": "#0"},
                "up": {"uv": [0.5, 0, 0, 0], "texture": "#0"},
                "down": {"uv": [0.5, 0, 0, 0], "texture": "#0"}
            }
        },
        {
            "from": [-0.3, 1.5, 8.25],
            "to": [1.7, 5.5, 8.25],
            "rotation": {"angle": -45, "axis": "z", "origin": [8.5, 0, 8]},
            "faces": {
                "north": {"uv": [2, 6, 3, 8], "texture": "#0"},
                "east": {"uv": [0, 0, 0, 2], "texture": "#0"},
                "south": {"uv": [10, 11, 11, 13], "texture": "#0"},
                "west": {"uv": [0, 0, 0, 2], "texture": "#0"},
                "up": {"uv": [1, 0, 0, 0], "texture": "#0"},
                "down": {"uv": [1, 0, 0, 0], "texture": "#0"}
            }
        },
        {
            "from": [14.3, 1.5, 8.25],
            "to": [16.3, 5.5, 8.25],
            "rotation": {"angle": 45, "axis": "z", "origin": [7.5, 0, 8]},
            "faces": {
                "north": {"uv": [11, 11, 12, 13], "texture": "#0"},
                "east": {"uv": [0, 0, 0, 2], "texture": "#0"},
                "south": {"uv": [11.5, 7.5, 12.5, 9.5], "texture": "#0"},
                "west": {"uv": [0, 0, 0, 2], "texture": "#0"},
                "up": {"uv": [1, 0, 0, 0], "texture": "#0"},
                "down": {"uv": [1, 0, 0, 0], "texture": "#0"}
            }
        }
    ],
    "display": {
        "thirdperson_righthand": {
            "rotation": [0, -180, 0],
            "translation": [0, 3.75, 1.5],
            "scale": [0.5, 0.5, 0.5]
        },
        "thirdperson_lefthand": {
            "rotation": [0, -180, 0],
            "translation": [0, 3.75, 1.5],
            "scale": [0.5, 0.5, 0.5]
        },
        "firstperson_righthand": {
            "rotation": [0, 120, 0],
            "translation": [0.5, 5.75, 0]
        },
        "firstperson_lefthand": {
            "rotation": [0, 120, 0],
            "translation": [0.5, 5.75, 0]
        },
        "ground": {
            "translation": [0, 4, 0]
        },
        "gui": {
            "rotation": [30, -150, 0],
            "translation": [0, 3.5, 0],
            "scale": [1.2, 1.2, 1.2]
        },
        "head": {
            "translation": [0, 18, 0],
            "scale": [1.5, 1.5, 1.5]
        },
        "fixed": {
            "rotation": [-90, 0, 0],
            "translation": [0, 2, -20],
            "scale": [2.5, 2.5, 2.5]
        }
    },
    "groups": [
        {
            "name": "hand",
            "origin": [0, 0, 0],
            "color": 0,
            "children": [0, 1]
        },
        {
            "name": "body",
            "origin": [-0.5, 0, 0],
            "color": 0,
            "children": [2, 3, 4, 5, 6, 7]
        },
        {
            "name": "legs",
            "origin": [-0.5, 0, 0],
            "color": 0,
            "children": [8, 9, 10, 11]
        },
        {
            "name": "face",
            "origin": [-0.5, 0, 0],
            "color": 0,
            "children": [12, 13, 14, 15, 16, 17, 18, 19, 20]
        }
    ]
}