{
  "credit": "Made with Blockbench",
  "parent": "addon:block/cmd_item",
  "textures": {
    "0": "addon:block/clay_pot_1"
  },
  "elements": [
    {
      "from": [5.5, 0, 5.5],
      "to": [10.5, 8, 10.5],
      "faces": {
        "north": {"uv": [1, 7, 6, 15], "texture": "#0"},
        "east": {"uv": [1, 7, 6, 15], "texture": "#0"},
        "south": {"uv": [1, 7, 6, 15], "texture": "#0"},
        "west": {"uv": [1, 7, 6, 15], "texture": "#0"},
        "up": {"uv": [1, 1, 6, 6], "texture": "#0"},
        "down": {"uv": [7, 5, 12, 10], "texture": "#0"}
      }
    },
    {
      "from": [4.5, 2, 4.5],
      "to": [11.5, 7, 11.5],
      "faces": {
        "north": {"uv": [7, 10, 14, 15], "texture": "#0"},
        "east": {"uv": [0, 8, 7, 13], "texture": "#0"},
        "south": {"uv": [7, 10, 14, 15], "texture": "#0"},
        "west": {"uv": [0, 8, 7, 13], "texture": "#0"},
        "up": {"uv": [0, 0, 7, 7], "texture": "#0"},
        "down": {"uv": [0, 0, 7, 7], "texture": "#0"}
      }
    },
    {
      "from": [7, 8, 7],
      "to": [9, 12, 9],
      "faces": {
        "north": {"uv": [11, 0, 13, 4], "texture": "#0"},
        "east": {"uv": [11, 0, 13, 4], "texture": "#0"},
        "south": {"uv": [11, 0, 13, 4], "texture": "#0"},
        "west": {"uv": [11, 0, 13, 4], "texture": "#0"},
        "up": {"uv": [13, 0, 15, 2], "texture": "#0"}
      }
    },
    {
      "from": [6.5, 10, 6.5],
      "to": [9.5, 11, 9.5],
      "faces": {
        "north": {"uv": [7, 3, 10, 4], "texture": "#0"},
        "east": {"uv": [7, 3, 10, 4], "texture": "#0"},
        "south": {"uv": [7, 3, 10, 4], "texture": "#0"},
        "west": {"uv": [7, 3, 10, 4], "texture": "#0"},
        "up": {"uv": [7, 0, 10, 3], "texture": "#0"},
        "down": {"uv": [7, 0, 10, 3], "texture": "#0"}
      }
    },
    {
      "from": [11.5, 5, 7.5],
      "to": [12.5, 8, 8.5],
      "faces": {
        "north": {"uv": [10, 0, 11, 3], "texture": "#0"},
        "east": {"uv": [10, 0, 11, 3], "texture": "#0"},
        "south": {"uv": [10, 0, 11, 3], "texture": "#0"},
        "west": {"uv": [10, 0, 11, 3], "texture": "#0"},
        "down": {"uv": [10, 3, 11, 4], "texture": "#0"}
      }
    },
    {
      "from": [8.5, 8, 7.5],
      "to": [12.5, 9, 8.5],
      "faces": {
        "north": {"uv": [7, 4, 11, 5], "texture": "#0"},
        "east": {"uv": [11, 4, 12, 5], "texture": "#0"},
        "south": {"uv": [7, 4, 11, 5], "texture": "#0"},
        "up": {"uv": [7, 4, 11, 5], "texture": "#0"},
        "down": {"uv": [7, 4, 11, 5], "texture": "#0"}
      }
    }
  ]
}