{
  "credit": "Made with Blockbench",
  "parent": "addon:block/cmd_item",
  "textures": {
    "0": "addon:block/clay_pot_0",
    "1": "addon:block/clay_pot_0_01"
  },
  "elements": [
    {
      "from": [1.25, 0, 4.5],
      "to": [6.25, 9, 9.5],
      "faces": {
        "north": {"uv": [1, 7, 6, 16], "texture": "#0"},
        "east": {"uv": [1, 7, 6, 16], "texture": "#0"},
        "south": {"uv": [1, 7, 6, 16], "texture": "#0"},
        "west": {"uv": [1, 7, 6, 16], "texture": "#0"},
        "down": {"uv": [1, 1, 6, 6], "texture": "#0"}
      }
    },
    {
      "from": [0.25, 2, 3.5],
      "to": [7.25, 8, 10.5],
      "faces": {
        "north": {"uv": [0, 8, 7, 14], "texture": "#0"},
        "east": {"uv": [0, 8, 7, 14], "texture": "#0"},
        "south": {"uv": [0, 8, 7, 14], "texture": "#0"},
        "west": {"uv": [0, 8, 7, 14], "texture": "#0"},
        "up": {"uv": [0, 0, 7, 7], "texture": "#0"},
        "down": {"uv": [0, 0, 7, 7], "texture": "#0"}
      }
    },
    {
      "from": [2.75, 10, 6],
      "to": [4.75, 11, 8],
      "faces": {
        "north": {"uv": [13, 2, 15, 3], "texture": "#0"},
        "east": {"uv": [13, 2, 15, 3], "texture": "#0"},
        "south": {"uv": [13, 2, 15, 3], "texture": "#0"},
        "west": {"uv": [13, 2, 15, 3], "texture": "#0"},
        "up": {"uv": [13, 0, 15, 2], "texture": "#0"}
      }
    },
    {
      "from": [0.75, 9, 4],
      "to": [6.75, 10, 10],
      "faces": {
        "north": {"uv": [7, 6, 13, 7], "texture": "#0"},
        "east": {"uv": [7, 6, 13, 7], "texture": "#0"},
        "south": {"uv": [7, 6, 13, 7], "texture": "#0"},
        "west": {"uv": [7, 6, 13, 7], "texture": "#0"},
        "up": {"uv": [7, 0, 13, 6], "texture": "#0"},
        "down": {"uv": [7, 0, 13, 6], "texture": "#0"}
      }
    },
    {
      "from": [9.5, 0, 6.5],
      "to": [14.5, 7, 11.5],
      "faces": {
        "north": {"uv": [1, 7, 6, 14], "texture": "#1"},
        "east": {"uv": [1, 7, 6, 14], "texture": "#1"},
        "south": {"uv": [1, 7, 6, 14], "texture": "#1"},
        "west": {"uv": [1, 7, 6, 14], "texture": "#1"},
        "down": {"uv": [1, 1, 6, 6], "texture": "#1"}
      }
    },
    {
      "from": [8.5, 1, 5.5],
      "to": [15.5, 6, 12.5],
      "faces": {
        "north": {"uv": [7, 8, 14, 13], "texture": "#1"},
        "east": {"uv": [0, 8, 7, 13], "texture": "#1"},
        "south": {"uv": [7, 8, 14, 13], "texture": "#1"},
        "west": {"uv": [0, 8, 7, 13], "texture": "#1"},
        "up": {"uv": [0, 0, 7, 7], "texture": "#1"},
        "down": {"uv": [0, 0, 7, 7], "texture": "#1"}
      }
    },
    {
      "from": [9, 7, 6],
      "to": [15, 8, 12],
      "faces": {
        "north": {"uv": [7, 6, 13, 7], "texture": "#1"},
        "east": {"uv": [7, 6, 13, 7], "texture": "#1"},
        "south": {"uv": [7, 6, 13, 7], "texture": "#1"},
        "west": {"uv": [7, 6, 13, 7], "texture": "#1"},
        "up": {"uv": [7, 0, 13, 6], "texture": "#1"},
        "down": {"uv": [7, 0, 13, 6], "texture": "#1"}
      }
    },
    {
      "from": [11, 8, 8],
      "to": [13, 9, 10],
      "faces": {
        "north": {"uv": [13, 2, 15, 3], "texture": "#1"},
        "east": {"uv": [13, 2, 15, 3], "texture": "#1"},
        "south": {"uv": [13, 2, 15, 3], "texture": "#1"},
        "west": {"uv": [13, 2, 15, 3], "texture": "#1"},
        "up": {"uv": [13, 0, 15, 2], "texture": "#1"}
      }
    },
    {
      "from": [8, 6, 8],
      "to": [10, 7, 10],
      "faces": {
        "north": {"uv": [13, 5, 15, 6], "texture": "#1"},
        "south": {"uv": [15, 5, 13, 6], "texture": "#1"},
        "west": {"uv": [13, 6, 15, 7], "texture": "#1"},
        "up": {"uv": [15, 3, 13, 5], "texture": "#1"},
        "down": {"uv": [15, 3, 13, 5], "texture": "#1"}
      }
    },
    {
      "from": [14, 6, 8],
      "to": [16, 7, 10],
      "faces": {
        "north": {"uv": [15, 5, 13, 6], "texture": "#1"},
        "east": {"uv": [13, 6, 15, 7], "texture": "#1"},
        "south": {"uv": [13, 5, 15, 6], "texture": "#1"},
        "up": {"uv": [13, 3, 15, 5], "texture": "#1"},
        "down": {"uv": [13, 3, 15, 5], "texture": "#1"}
      }
    }
  ]
}