{
  "credit": "Made with Blockbench",
  "display": {
    "gui": {
      "rotation": [30, 45, 0],
      "translation": [0, 0, 0],
      "scale": [0.625, 0.625, 0.625]
    },
    "ground": {
      "rotation": [0, 0, 0],
      "translation": [0, 3, 0],
      "scale": [0.375, 0.375, 0.375]
    },
    "fixed": {
      "rotation": [-90, 180, 0],
      "translation": [0, 0, -14.1],
      "scale": [2, 2, 2]
    },
    "thirdperson_righthand": {
      "rotation": [75, 225, 0],
      "translation": [0, 3, 0],
      "scale": [0.5, 0.5, 0.5]
    },
    "firstperson_righthand": {
      "rotation": [0, -45, 0],
      "translation": [0, 0, 0],
      "scale": [0.625, 0.625, 0.625]
    }
  }
}