{
  "credit": "Made with Blockbench",
  "display": {
    "gui": {
      "rotation": [30, -22.5, 0],
      "translation": [0, -0.5, 0],
      "scale": [0.625, 0.625, 0.625]
    },
    "ground": {
      "rotation": [0, 0, 0],
      "translation": [0, 3, 0],
      "scale": [0.6, 0.6, 0.6]
    },
    "fixed": {
      "rotation": [0, 180, 0],
      "translation": [0, 0, -14],
      "scale": [2, 2, 2]
    },
    "thirdperson_righthand": {
      "rotation": [75, -135, 0],
      "translation": [0, 7, 0],
      "scale": [0.6, 0.6, 0.6]
    },
    "firstperson_righthand": {
      "rotation": [-25, -90, 0],
      "translation": [-1, 3, 1.5],
      "scale": [0.7, 0.7, 0.7]
    }
  }
}