{
  "parent": "addon:block/cmd_item",
  "textures": {
    "0": "addon:block/flower_pot"
  },
  "elements": [
    {
      "from": [2, 0, 4],
      "to": [3, 5, 9],
      "faces": {
        "north": {"uv": [4, 4, 5, 9], "texture": "#0"},
        "east": {"uv": [0, 4, 5, 9], "texture": "#0"},
        "south": {"uv": [0, 4, 1, 9], "texture": "#0"},
        "west": {"uv": [0, 4, 5, 9], "texture": "#0"},
        "up": {"uv": [0, 0, 1, 5], "texture": "#0"},
        "down": {"uv": [0, 0, 1, 5], "texture": "#0", "cullface": "down"}
      }
    },
    {
      "from": [6, 0, 4],
      "to": [7, 5, 9],
      "faces": {
        "north": {"uv": [0, 4, 1, 9], "texture": "#0"},
        "east": {"uv": [0, 4, 5, 9], "texture": "#0"},
        "south": {"uv": [4, 4, 5, 9], "texture": "#0"},
        "west": {"uv": [0, 4, 5, 9], "texture": "#0"},
        "up": {"uv": [4, 0, 5, 5], "texture": "#0"},
        "down": {"uv": [4, 0, 5, 5], "texture": "#0", "cullface": "down"}
      }
    },
    {
      "from": [3, 0, 4],
      "to": [6, 5, 5],
      "faces": {
        "north": {"uv": [1, 4, 4, 9], "texture": "#0"},
        "south": {"uv": [1, 4, 4, 9], "texture": "#0"},
        "up": {"uv": [1, 0, 4, 1], "texture": "#0"},
        "down": {"uv": [1, 0, 4, 1], "texture": "#0", "cullface": "down"}
      }
    },
    {
      "from": [3, 0, 8],
      "to": [6, 5, 9],
      "faces": {
        "north": {"uv": [1, 4, 4, 9], "texture": "#0"},
        "south": {"uv": [1, 4, 4, 9], "texture": "#0"},
        "up": {"uv": [4, 4, 1, 5], "texture": "#0"},
        "down": {"uv": [4, 4, 1, 5], "texture": "#0"}
      }
    },
    {
      "from": [3, 0, 5],
      "to": [6, 4, 8],
      "faces": {
        "up": {"uv": [6, 1, 9, 4], "rotation": 180, "texture": "#0"},
        "down": {"uv": [1, 1, 4, 4], "rotation": 180, "texture": "#0"}
      }
    },
    {
      "from": [3, 4, 6.5],
      "to": [6, 8, 6.5],
      "rotation": {"angle": -45, "axis": "y", "origin": [4.5, 6, 6.5], "rescale": true},
      "faces": {
        "north": {"uv": [10, 10, 15, 15], "texture": "#0"},
        "south": {"uv": [10, 10, 15, 15], "texture": "#0"}
      }
    },
    {
      "from": [3, 4, 6.5],
      "to": [6, 8, 6.5],
      "rotation": {"angle": 45, "axis": "y", "origin": [4.5, 6, 6.5], "rescale": true},
      "faces": {
        "north": {"uv": [10, 10, 15, 15], "texture": "#0"},
        "south": {"uv": [10, 10, 15, 15], "texture": "#0"}
      }
    },
    {
      "from": [9, 0, 7],
      "to": [10, 5, 12],
      "faces": {
        "north": {"uv": [4, 4, 5, 9], "texture": "#0"},
        "east": {"uv": [0, 4, 5, 9], "texture": "#0"},
        "south": {"uv": [0, 4, 1, 9], "texture": "#0"},
        "west": {"uv": [0, 4, 5, 9], "texture": "#0"},
        "up": {"uv": [0, 0, 1, 5], "texture": "#0"},
        "down": {"uv": [0, 0, 1, 5], "texture": "#0", "cullface": "down"}
      }
    },
    {
      "from": [13, 0, 7],
      "to": [14, 5, 12],
      "faces": {
        "north": {"uv": [0, 4, 1, 9], "texture": "#0"},
        "east": {"uv": [0, 4, 5, 9], "texture": "#0"},
        "south": {"uv": [4, 4, 5, 9], "texture": "#0"},
        "west": {"uv": [0, 4, 5, 9], "texture": "#0"},
        "up": {"uv": [4, 0, 5, 5], "texture": "#0"},
        "down": {"uv": [4, 0, 5, 5], "texture": "#0", "cullface": "down"}
      }
    },
    {
      "from": [10, 0, 7],
      "to": [13, 5, 8],
      "faces": {
        "north": {"uv": [1, 4, 4, 9], "texture": "#0"},
        "south": {"uv": [1, 4, 4, 9], "texture": "#0"},
        "up": {"uv": [1, 0, 4, 1], "texture": "#0"},
        "down": {"uv": [1, 0, 4, 1], "texture": "#0", "cullface": "down"}
      }
    },
    {
      "from": [10, 0, 11],
      "to": [13, 5, 12],
      "faces": {
        "north": {"uv": [1, 4, 4, 9], "texture": "#0"},
        "south": {"uv": [1, 4, 4, 9], "texture": "#0"},
        "up": {"uv": [4, 4, 1, 5], "texture": "#0"},
        "down": {"uv": [4, 4, 1, 5], "texture": "#0"}
      }
    },
    {
      "from": [10, 0, 8],
      "to": [13, 4, 11],
      "faces": {
        "up": {"uv": [6, 1, 9, 4], "rotation": 180, "texture": "#0"},
        "down": {"uv": [1, 1, 4, 4], "rotation": 180, "texture": "#0"}
      }
    },
    {
      "from": [10, 4, 9.5],
      "to": [13, 8, 9.5],
      "rotation": {"angle": -45, "axis": "y", "origin": [11.5, 6, 9.5], "rescale": true},
      "faces": {
        "north": {"uv": [10, 10, 15, 15], "texture": "#0"},
        "south": {"uv": [10, 10, 15, 15], "texture": "#0"}
      }
    },
    {
      "from": [10, 4, 9.5],
      "to": [13, 8, 9.5],
      "rotation": {"angle": 45, "axis": "y", "origin": [11.5, 6, 9.5], "rescale": true},
      "faces": {
        "north": {"uv": [10, 10, 15, 15], "texture": "#0"},
        "south": {"uv": [10, 10, 15, 15], "texture": "#0"}
      }
    }
  ],
  "groups": [
    {
      "name": "pot1",
      "origin": [0, 0, 0],
      "color": 0,
      "children": [0, 1, 2, 3, 4, 5, 6]
    },
    {
      "name": "pot2",
      "origin": [12, 3, 10],
      "color": 0,
      "children": [7, 8, 9, 10, 11, 12, 13]
    }
  ]
}