{
  "credit": "Made with Blockbench",
  "parent": "addon:block/cmd_item",
  "textures": {
    "0": "addon:block/globe_0"
  },
  "elements": [
    {
      "from": [5, 0, 5],
      "to": [11, 1, 11],
      "faces": {
        "north": {"uv": [0, 12.5, 3, 13], "texture": "#0"},
        "east": {"uv": [0, 12.5, 3, 13], "texture": "#0"},
        "south": {"uv": [0, 12.5, 3, 13], "texture": "#0"},
        "west": {"uv": [0, 12.5, 3, 13], "texture": "#0"},
        "up": {"uv": [0, 9.5, 3, 12.5], "texture": "#0"},
        "down": {"uv": [0, 9.5, 3, 12.5], "texture": "#0"}
      }
    },
    {
      "from": [6, 1, 6],
      "to": [10, 3, 10],
      "faces": {
        "north": {"uv": [0, 15, 2, 16], "texture": "#0"},
        "east": {"uv": [0, 15, 2, 16], "texture": "#0"},
        "south": {"uv": [0, 15, 2, 16], "texture": "#0"},
        "west": {"uv": [0, 15, 2, 16], "texture": "#0"},
        "up": {"uv": [0, 13, 2, 15], "texture": "#0"}
      }
    },
    {
      "from": [7.5, 3, 7.5],
      "to": [8.5, 16, 8.5],
      "faces": {
        "north": {"uv": [4, 9.5, 4.5, 16], "texture": "#0"},
        "east": {"uv": [4, 9.5, 4.5, 16], "texture": "#0"},
        "south": {"uv": [4, 9.5, 4.5, 16], "texture": "#0"},
        "west": {"uv": [4, 9.5, 4.5, 16], "texture": "#0"},
        "up": {"uv": [4, 9.5, 4.5, 10], "texture": "#0"}
      }
    },
    {
      "from": [7, 4, 7],
      "to": [9, 5, 9],
      "faces": {
        "north": {"uv": [2.5, 14, 3.5, 14.5], "texture": "#0"},
        "east": {"uv": [2.5, 14, 3.5, 14.5], "texture": "#0"},
        "south": {"uv": [2.5, 14, 3.5, 14.5], "texture": "#0"},
        "west": {"uv": [2.5, 14, 3.5, 14.5], "texture": "#0"},
        "down": {"uv": [2.5, 13, 3.5, 14], "texture": "#0"}
      }
    },
    {
      "from": [7, 14, 7],
      "to": [9, 15, 9],
      "faces": {
        "north": {"uv": [2.5, 14, 3.5, 14.5], "texture": "#0"},
        "east": {"uv": [2.5, 14, 3.5, 14.5], "texture": "#0"},
        "south": {"uv": [2.5, 14, 3.5, 14.5], "texture": "#0"},
        "west": {"uv": [2.5, 14, 3.5, 14.5], "texture": "#0"},
        "up": {"uv": [2.5, 13, 3.5, 14], "texture": "#0"}
      }
    },
    {
      "from": [8.5, 3, 8],
      "to": [14.5, 16, 8.01],
      "faces": {
        "north": {"uv": [15.5, 9.5, 12.5, 16], "texture": "#0"},
        "south": {"uv": [12.5, 9.5, 15.5, 16], "texture": "#0"}
      }
    },
    {
      "from": [3.5, 5, 3.5],
      "to": [12.5, 14, 12.5],
      "faces": {
        "north": {"uv": [9, 4.5, 13.5, 9], "texture": "#0"},
        "east": {"uv": [9, 0, 13.5, 4.5], "texture": "#0"},
        "south": {"uv": [4.5, 0, 9, 4.5], "texture": "#0"},
        "west": {"uv": [0, 0, 4.5, 4.5], "texture": "#0"},
        "up": {"uv": [0, 4.5, 4.5, 9], "texture": "#0"},
        "down": {"uv": [4.5, 4.5, 9, 9], "texture": "#0"}
      }
    }
  ]
}