{
  "parent": "addon:block/cmd_item",
  "textures": {
    "0": "addon:block/gunpowder",
    "1": "addon:block/weighing_paper"
  },
  "elements": [
    {
      "from": [2, 0.1, 2],
      "to": [14, 0.11, 14],
      "rotation": {"angle": -22.5, "axis": "y", "origin": [8, 8, 8]},
      "faces": {
        "up": {"uv": [2, 2, 14, 14], "texture": "#1"},
        "down": {"uv": [2, 14, 14, 2], "texture": "#1"}
      }
    },
    {
      "from": [6, 0.11, 4],
      "to": [13, 0.12, 12],
      "rotation": {"angle": -22.5, "axis": "y", "origin": [8, 8, 8]},
      "faces": {
        "up": {"uv": [9, 8, 16, 16], "texture": "#0"}
      }
    },
    {
      "from": [4, 0.1, 4],
      "to": [10, 1.1, 10],
      "rotation": {"angle": -22.5, "axis": "y", "origin": [8, 3, 8]},
      "faces": {
        "north": {"uv": [1, 6, 7, 7], "texture": "#0"},
        "east": {"uv": [1, 6, 7, 7], "texture": "#0"},
        "south": {"uv": [1, 6, 7, 7], "texture": "#0"},
        "west": {"uv": [1, 6, 7, 7], "texture": "#0"},
        "up": {"uv": [1, 1, 7, 7], "texture": "#0"}
      }
    },
    {
      "from": [5, 1.1, 5],
      "to": [9, 2.1, 9],
      "rotation": {"angle": -22.5, "axis": "y", "origin": [8, 3, 8]},
      "faces": {
        "north": {"uv": [2, 6, 6, 7], "texture": "#0"},
        "east": {"uv": [2, 6, 6, 7], "texture": "#0"},
        "south": {"uv": [2, 6, 6, 7], "texture": "#0"},
        "west": {"uv": [2, 6, 6, 7], "texture": "#0"},
        "up": {"uv": [2, 2, 6, 6], "texture": "#0"}
      }
    }
  ]
}