{
  "ambientocclusion": false,
  "parent": "addon:block/cmd_item",
  "textures": {
    "0": "addon:block/barrel_top",
    "1": "block/barrel_side",
    "1_0": "addon:block/barrel_0",
    "1_1": "addon:block/barrel_0_01"
  },
  "elements": [
    {
      "from": [2, 0, 2],
      "to": [14, 7, 14],
      "faces": {
        "up": {"uv": [2, 2, 14, 14], "texture": "#1_0"},
        "down": {"uv": [2, 14, 14, 2], "texture": "#0"}
      }
    },
    {
      "from": [0, 0, 0],
      "to": [16, 8, 2],
      "faces": {
        "north": {"uv": [0, 8, 16, 16], "texture": "#1"},
        "east": {"uv": [15, 8, 16, 16], "texture": "#1"},
        "south": {"uv": [0, 0, 16, 8], "texture": "#0"},
        "west": {"uv": [0, 8, 2, 16], "texture": "#1"},
        "up": {"uv": [0, 0, 16, 2], "texture": "#0"},
        "down": {"uv": [0, 14, 16, 16], "texture": "#0"}
      }
    },
    {
      "from": [0, 0, 14],
      "to": [16, 8, 16],
      "faces": {
        "north": {"uv": [0, 0, 16, 8], "texture": "#0"},
        "east": {"uv": [0, 8, 2, 16], "texture": "#1"},
        "south": {"uv": [0, 8, 16, 16], "texture": "#1"},
        "west": {"uv": [14, 8, 16, 16], "texture": "#1"},
        "up": {"uv": [0, 14, 16, 16], "texture": "#0"},
        "down": {"uv": [0, 0, 16, 2], "texture": "#0"}
      }
    },
    {
      "from": [0, 0, 2],
      "to": [2, 8, 14],
      "faces": {
        "east": {"uv": [2, 0, 14, 8], "texture": "#0"},
        "west": {"uv": [2, 8, 14, 16], "texture": "#1"},
        "up": {"uv": [0, 2, 2, 14], "texture": "#0"},
        "down": {"uv": [0, 2, 2, 14], "texture": "#0"}
      }
    },
    {
      "from": [14, 0, 2],
      "to": [16, 8, 14],
      "faces": {
        "east": {"uv": [2, 8, 14, 16], "texture": "#1"},
        "west": {"uv": [2, 0, 14, 8], "texture": "#0"},
        "up": {"uv": [14, 2, 16, 14], "texture": "#0"},
        "down": {"uv": [14, 2, 16, 14], "texture": "#0"}
      }
    },
    {
      "from": [4, 7, 5],
      "to": [9, 8, 8],
      "faces": {
        "north": {"uv": [6, 2, 1, 3], "texture": "#1_1"},
        "east": {"uv": [5, 2, 6, 5], "rotation": 90, "texture": "#1_1"},
        "south": {"uv": [1, 4, 6, 5], "texture": "#1_1"},
        "west": {"uv": [1, 2, 2, 5], "rotation": 270, "texture": "#1_1"},
        "up": {"uv": [1, 2, 6, 5], "texture": "#1_1"}
      }
    },
    {
      "from": [5, 7, 4],
      "to": [8, 8, 9],
      "faces": {
        "north": {"uv": [2, 1, 5, 2], "texture": "#1_1"},
        "east": {"uv": [4, 1, 5, 6], "rotation": 90, "texture": "#1_1"},
        "south": {"uv": [2, 5, 5, 6], "texture": "#1_1"},
        "west": {"uv": [2, 1, 3, 6], "rotation": 270, "texture": "#1_1"},
        "up": {"uv": [2, 1, 5, 6], "texture": "#1_1"}
      }
    }
  ]
}