{
  "ambientocclusion": false,
  "parent": "addon:block/cmd_item",
  "textures": {
    "0": "addon:block/log_pile",
    "1": "block/oak_log_top"
  },
  "elements": [
    {
      "from": [1, 0, 2],
      "to": [7, 6, 16],
      "faces": {
        "north": {"uv": [7, 1, 1, 7], "texture": "#1"},
        "east": {"uv": [10, 2, 16, 16], "rotation": 270, "texture": "#0"},
        "south": {"uv": [1, 1, 7, 7], "texture": "#1"},
        "west": {"uv": [0, 2, 6, 16], "rotation": 90, "texture": "#0"},
        "up": {"uv": [0, 2, 6, 16], "texture": "#0"},
        "down": {"uv": [16, 2, 10, 16], "texture": "#0"}
      }
    },
    {
      "from": [8, 0, 0],
      "to": [14, 6, 14],
      "faces": {
        "north": {"uv": [15, 9, 9, 15], "texture": "#1"},
        "east": {"uv": [0, 0, 6, 14], "rotation": 270, "texture": "#0"},
        "south": {"uv": [9, 9, 15, 15], "texture": "#1"},
        "west": {"uv": [10, 0, 16, 14], "rotation": 90, "texture": "#0"},
        "up": {"uv": [10, 0, 16, 14], "texture": "#0"},
        "down": {"uv": [0, 0, 6, 14], "rotation": 180, "texture": "#0"}
      }
    },
    {
      "from": [4, 6, 1],
      "to": [10, 12, 15],
      "faces": {
        "north": {"uv": [7, 9, 1, 15], "texture": "#1"},
        "east": {"uv": [10, 1, 16, 15], "rotation": 90, "texture": "#0"},
        "south": {"uv": [1, 9, 7, 15], "texture": "#1"},
        "west": {"uv": [0, 1, 6, 15], "rotation": 270, "texture": "#0"},
        "up": {"uv": [16, 1, 10, 15], "texture": "#0"},
        "down": {"uv": [0, 1, 6, 15], "texture": "#0"}
      }
    }
  ]
}