{
  "credit": "Made with Blockbench",
  "parent": "addon:block/cmd_item",
  "ambientocclusion": false,
  "textures": {
    "0": "addon:block/milk_jar",
    "1": "addon:block/milk_jar_01"
  },
  "elements": [
    {
      "from": [4.5, 0, 4.5],
      "to": [11.5, 8, 11.5],
      "faces": {
        "north": {"uv": [0, 7, 7, 15], "texture": "#0"},
        "east": {"uv": [0, 7, 7, 15], "texture": "#0"},
        "south": {"uv": [7, 7, 14, 15], "texture": "#0"},
        "west": {"uv": [0, 7, 7, 15], "texture": "#0"},
        "up": {"uv": [0, 0, 7, 7], "texture": "#0"},
        "down": {"uv": [7, 0, 14, 7], "texture": "#0"}
      }
    },
    {
      "from": [4.5, 8, 4.5],
      "to": [11.5, 10, 11.5],
      "faces": {
        "north": {"uv": [7, 7, 14, 9], "texture": "#1"},
        "east": {"uv": [7, 7, 14, 9], "texture": "#1"},
        "south": {"uv": [0, 7, 7, 9], "texture": "#1"},
        "west": {"uv": [7, 7, 14, 9], "texture": "#1"},
        "up": {"uv": [0, 0, 7, 7], "texture": "#1"}
      }
    },
    {
      "from": [6, 10, 6],
      "to": [10, 14, 10],
      "faces": {
        "north": {"uv": [7, 2, 11, 6], "texture": "#1"},
        "east": {"uv": [7, 2, 11, 6], "texture": "#1"},
        "south": {"uv": [7, 2, 11, 6], "texture": "#1"},
        "west": {"uv": [7, 2, 11, 6], "texture": "#1"},
        "up": {"uv": [7, 0, 11, 4], "texture": "#1"}
      }
    },
    {
      "from": [5.5, 12, 5.5],
      "to": [10.5, 13, 10.5],
      "faces": {
        "north": {"uv": [11, 5, 16, 6], "texture": "#1"},
        "east": {"uv": [11, 6, 16, 7], "texture": "#1"},
        "south": {"uv": [11, 5, 16, 6], "texture": "#1"},
        "west": {"uv": [11, 6, 16, 7], "texture": "#1"},
        "up": {"uv": [11, 0, 16, 5], "texture": "#1"},
        "down": {"uv": [11, 0, 16, 5], "texture": "#1"}
      }
    }
  ]
}