{
  "credit": "Made with Blockbench",
  "parent": "addon:block/cmd_item",
  "textures": {
    "0": "addon:block/paper_0"
  },
  "elements": [
    {
      "from": [3.5, 0, 2.5],
      "to": [10.5, 1, 12.5],
      "faces": {
        "north": {"uv": [0, 14, 7, 15], "texture": "#0"},
        "east": {"uv": [0, 15, 10, 16], "texture": "#0"},
        "south": {"uv": [0, 14, 7, 15], "texture": "#0"},
        "west": {"uv": [0, 15, 10, 16], "texture": "#0"},
        "up": {"uv": [8, 0, 15, 10], "texture": "#0"},
        "down": {"uv": [8, 0, 15, 10], "texture": "#0"}
      }
    },
    {
      "from": [5, 0.1, 2.5],
      "to": [12, 0.11, 12.5],
      "rotation": {"angle": -22.5, "axis": "y", "origin": [8, 0, 5.5]},
      "faces": {
        "up": {"uv": [8, 0, 15, 10], "texture": "#0"},
        "down": {"uv": [8, 0, 15, 10], "texture": "#0"}
      }
    },
    {
      "from": [4, 1, 2],
      "to": [11, 2, 12],
      "faces": {
        "north": {"uv": [0, 14, 7, 15], "texture": "#0"},
        "east": {"uv": [0, 15, 10, 16], "texture": "#0"},
        "south": {"uv": [0, 14, 7, 15], "texture": "#0"},
        "west": {"uv": [0, 15, 10, 16], "texture": "#0"},
        "up": {"uv": [8, 0, 15, 10], "texture": "#0"},
        "down": {"uv": [8, 0, 15, 10], "texture": "#0"}
      }
    },
    {
      "from": [3.75, 1.1, 2],
      "to": [10.75, 1.11, 12],
      "rotation": {"angle": 22.5, "axis": "y", "origin": [7.5, 1, 8]},
      "faces": {
        "up": {"uv": [8, 0, 15, 10], "texture": "#0"},
        "down": {"uv": [8, 0, 15, 10], "texture": "#0"}
      }
    },
    {
      "from": [4.5, 2.15, 4.75],
      "to": [11.5, 2.16, 11.75],
      "faces": {
        "up": {"uv": [0, 2, 7, 9], "texture": "#0"},
        "down": {"uv": [8, 2, 15, 9], "texture": "#0"}
      }
    },
    {
      "from": [4.5, 2.15, 2.75],
      "to": [11.5, 2.16, 4.75],
      "rotation": {"angle": 22.5, "axis": "x", "origin": [4.5, 2.15, 4.75]},
      "faces": {
        "up": {"uv": [0, 0, 7, 2], "texture": "#0"},
        "down": {"uv": [8, 0, 15, 2], "texture": "#0"}
      }
    },
    {
      "from": [4.5, 2.15, 11.745],
      "to": [11.5, 2.16, 12.745],
      "rotation": {"angle": 22.5, "axis": "x", "origin": [4.5, 2.15, 11.75]},
      "faces": {
        "up": {"uv": [0, 9, 7, 10], "texture": "#0"},
        "down": {"uv": [8, 9, 15, 10], "texture": "#0"}
      }
    }
  ],
  "groups": [0, 1, 2, 3,
    {
      "name": "paper",
      "origin": [8, 8, 8],
      "children": [4, 5, 6]
    }
  ]
}