{
  "credit": "Made with Blockbench",
  "parent": "addon:block/cmd_item",
  "textures": {
    "0": "addon:block/paper_0"
  },
  "elements": [
    {
      "from": [1, 0.1, 1],
      "to": [8, 0.11, 11],
      "faces": {
        "up": {"uv": [8, 0, 15, 10], "texture": "#0"},
        "down": {"uv": [8, 0, 15, 10], "texture": "#0"}
      }
    },
    {
      "from": [5.5, 0.3, 5],
      "to": [12.5, 0.31, 15],
      "rotation": {"angle": -22.5, "axis": "y", "origin": [10.5, 0, 13]},
      "faces": {
        "up": {"uv": [0, 0, 7, 10], "rotation": 180, "texture": "#0"},
        "down": {"uv": [8, 0, 15, 10], "texture": "#0"}
      }
    }
  ]
}