{
  "ambientocclusion": false,
  "parent": "addon:block/cmd_item",
  "textures": {
    "0": "block/stone"
  },
  "elements": [
    {
      "from": [2, 0, 4],
      "to": [6, 4, 8],
      "rotation": {"angle": 22.5, "axis": "y", "origin": [4, 2, 6]},
      "faces": {
        "north": {"uv": [0, 0, 4, 4], "texture": "#0"},
        "east": {"uv": [0, 0, 4, 4], "texture": "#0"},
        "south": {"uv": [0, 0, 4, 4], "texture": "#0"},
        "west": {"uv": [0, 0, 4, 4], "texture": "#0"},
        "up": {"uv": [0, 0, 4, 4], "texture": "#0"},
        "down": {"uv": [0, 0, 4, 4], "texture": "#0"}
      }
    },
    {
      "from": [7, 0, 10],
      "to": [9, 2, 12],
      "rotation": {"angle": -22.5, "axis": "y", "origin": [8, 1, 11]},
      "faces": {
        "north": {"uv": [12, 2, 14, 4], "texture": "#0"},
        "east": {"uv": [12, 2, 14, 4], "texture": "#0"},
        "south": {"uv": [12, 2, 14, 4], "texture": "#0"},
        "west": {"uv": [12, 2, 14, 4], "texture": "#0"},
        "up": {"uv": [12, 2, 14, 4], "texture": "#0"},
        "down": {"uv": [12, 2, 14, 4], "texture": "#0"}
      }
    },
    {
      "from": [9, 0, 7],
      "to": [10, 1, 8],
      "rotation": {"angle": 45, "axis": "y", "origin": [9.5, 1, 7.5]},
      "faces": {
        "north": {"uv": [12, 2, 13, 3], "texture": "#0"},
        "east": {"uv": [12, 2, 13, 3], "texture": "#0"},
        "south": {"uv": [12, 2, 13, 3], "texture": "#0"},
        "west": {"uv": [12, 2, 13, 3], "texture": "#0"},
        "up": {"uv": [12, 2, 13, 3], "texture": "#0"},
        "down": {"uv": [12, 2, 13, 3], "texture": "#0"}
      }
    },
    {
      "from": [2, 0, 10],
      "to": [3, 1, 11],
      "rotation": {"angle": 0, "axis": "y", "origin": [2.5, 0.5, 10.5]},
      "faces": {
        "north": {"uv": [0, 0, 1, 1], "texture": "#0"},
        "east": {"uv": [0, 0, 1, 1], "texture": "#0"},
        "south": {"uv": [0, 0, 1, 1], "texture": "#0"},
        "west": {"uv": [0, 0, 1, 1], "texture": "#0"},
        "up": {"uv": [0, 0, 1, 1], "texture": "#0"},
        "down": {"uv": [0, 0, 1, 1], "texture": "#0"}
      }
    },
    {
      "from": [11, 0, 11],
      "to": [14, 3, 14],
      "rotation": {"angle": 22.5, "axis": "y", "origin": [12.5, 1.5, 12.5]},
      "faces": {
        "north": {"uv": [2, 3, 5, 6], "texture": "#0"},
        "east": {"uv": [2, 3, 5, 6], "texture": "#0"},
        "south": {"uv": [2, 3, 5, 6], "texture": "#0"},
        "west": {"uv": [2, 3, 5, 6], "texture": "#0"},
        "up": {"uv": [2, 3, 5, 6], "texture": "#0"},
        "down": {"uv": [2, 3, 5, 6], "texture": "#0"}
      }
    },
    {
      "from": [11, 0, 1],
      "to": [14, 3, 4],
      "faces": {
        "north": {"uv": [0, 0, 3, 3], "texture": "#0"},
        "east": {"uv": [0, 0, 3, 3], "texture": "#0"},
        "south": {"uv": [0, 0, 3, 3], "texture": "#0"},
        "west": {"uv": [0, 0, 3, 3], "texture": "#0"},
        "up": {"uv": [0, 0, 3, 3], "rotation": 270, "texture": "#0"},
        "down": {"uv": [0, 0, 3, 3], "rotation": 90, "texture": "#0"}
      }
    }
  ]
}