{
  "credit": "Made with Blockbench",
  "parent": "addon:block/cmd_item",
  "textures": {
    "0": "addon:block/present_0",
    "1": "addon:block/present_1"
  },
  "elements": [
    {
      "from": [3, 0, 3],
      "to": [12, 9, 12],
      "faces": {
        "north": {"uv": [0, 0, 9, 9], "texture": "#1"},
        "east": {"uv": [0, 0, 9, 9], "texture": "#1"},
        "south": {"uv": [0, 0, 9, 9], "texture": "#1"},
        "west": {"uv": [0, 0, 9, 9], "texture": "#1"},
        "up": {"uv": [0, 0, 9, 9], "texture": "#1"},
        "down": {"uv": [0, 0, 9, 9], "texture": "#1"}
      }
    },
    {
      "from": [7.5, 9.5, 6],
      "to": [12.5, 9.51, 9],
      "rotation": {"angle": 22.5, "axis": "y", "origin": [7.5, 9.5, 7.5]},
      "faces": {
        "up": {"uv": [4, 10, 7, 15], "rotation": 90, "texture": "#1"},
        "down": {"uv": [4, 15, 7, 10], "rotation": 270, "texture": "#1"}
      }
    },
    {
      "from": [2, 9.5, 6],
      "to": [7, 9.51, 9],
      "rotation": {"angle": -45, "axis": "y", "origin": [7.5, 9.5, 7.5]},
      "faces": {
        "up": {"uv": [4, 10, 7, 15], "rotation": 270, "texture": "#1"},
        "down": {"uv": [4, 15, 7, 10], "rotation": 90, "texture": "#1"}
      }
    },
    {
      "from": [6, 9.25, 7.5],
      "to": [9, 9.26, 12.5],
      "rotation": {"angle": -22.5, "axis": "y", "origin": [7.5, 9.5, 7.5]},
      "faces": {
        "up": {"uv": [4, 15, 7, 10], "texture": "#1"},
        "down": {"uv": [4, 10, 7, 15], "texture": "#1"}
      }
    },
    {
      "from": [6.5, 8.5, 4.5],
      "to": [8.5, 10.5, 7.5],
      "rotation": {"angle": -22.5, "axis": "y", "origin": [8, 8, 8]},
      "faces": {
        "north": {"uv": [1, 11, 3, 13], "texture": "#1"},
        "east": {"uv": [1, 10, 3, 13], "rotation": 270, "texture": "#1"},
        "south": {"uv": [1, 10, 3, 12], "texture": "#1"},
        "west": {"uv": [1, 10, 3, 13], "rotation": 90, "texture": "#1"},
        "up": {"uv": [1, 10, 3, 13], "texture": "#1"},
        "down": {"uv": [1, 10, 3, 13], "rotation": 180, "texture": "#1"}
      }
    },
    {
      "from": [4.75, 10.25, 6],
      "to": [9.75, 10.26, 9],
      "rotation": {"angle": 22.5, "axis": "x", "origin": [8, 8, 8]},
      "faces": {
        "up": {"uv": [4, 1, 9, 4], "texture": "#0"},
        "down": {"uv": [4, 4, 9, 1], "texture": "#0"}
      }
    }
  ]
}