{
  "credit": "Made with Blockbench",
  "parent": "addon:block/cmd_item",
  "ambientocclusion": false,
  "textures": {
    "0": "addon:block/pumpkin_seeds"
  },
  "elements": [
    {
      "from": [2.5, 0, 2.5],
      "to": [9.5, 3, 9.5],
      "rotation": {"angle": 22.5, "axis": "y", "origin": [6, 0, 6]},
      "faces": {
        "north": {"uv": [9, 7, 16, 10], "texture": "#0"},
        "east": {"uv": [9, 7, 16, 10], "texture": "#0"},
        "south": {"uv": [9, 7, 16, 10], "texture": "#0"},
        "west": {"uv": [9, 7, 16, 10], "texture": "#0"},
        "down": {"uv": [2, 0, 9, 7], "texture": "#0"}
      }
    },
    {
      "from": [2.5, 3, 2.5],
      "to": [9.5, 4, 9.5],
      "rotation": {"angle": 22.5, "axis": "y", "origin": [6, 1, 6]},
      "faces": {
        "north": {"uv": [9, 0, 16, 1], "rotation": 180, "texture": "#0"},
        "east": {"uv": [15, 0, 16, 7], "rotation": 90, "texture": "#0"},
        "south": {"uv": [9, 6, 16, 7], "texture": "#0"},
        "west": {"uv": [9, 0, 10, 7], "rotation": 270, "texture": "#0"},
        "up": {"uv": [9, 0, 16, 7], "texture": "#0"}
      }
    },
    {
      "from": [3.5, 4, 3.5],
      "to": [8.5, 5, 8.5],
      "rotation": {"angle": 22.5, "axis": "y", "origin": [6, 0, 6]},
      "faces": {
        "north": {"uv": [10, 1, 15, 2], "rotation": 180, "texture": "#0"},
        "east": {"uv": [14, 1, 15, 6], "rotation": 90, "texture": "#0"},
        "south": {"uv": [10, 5, 15, 6], "texture": "#0"},
        "west": {"uv": [10, 1, 11, 6], "rotation": 270, "texture": "#0"},
        "up": {"uv": [10, 1, 15, 6], "texture": "#0"}
      }
    },
    {
      "from": [1.5, 1, 1.5],
      "to": [10.5, 3, 2.5],
      "rotation": {"angle": 22.5, "axis": "y", "origin": [6, 0, 6]},
      "faces": {
        "north": {"uv": [0, 9, 9, 11], "texture": "#0"},
        "east": {"uv": [0, 9, 1, 11], "texture": "#0"},
        "west": {"uv": [8, 9, 9, 11], "texture": "#0"},
        "up": {"uv": [0, 0, 1, 9], "rotation": 90, "texture": "#0"},
        "down": {"uv": [1, 0, 2, 9], "rotation": 90, "texture": "#0"}
      }
    },
    {
      "from": [1.5, 1, 9.5],
      "to": [10.5, 3, 10.5],
      "rotation": {"angle": 22.5, "axis": "y", "origin": [6, 0, 6]},
      "faces": {
        "east": {"uv": [8, 9, 9, 11], "texture": "#0"},
        "south": {"uv": [0, 9, 9, 11], "texture": "#0"},
        "west": {"uv": [0, 9, 1, 11], "texture": "#0"},
        "up": {"uv": [0, 0, 1, 9], "rotation": 90, "texture": "#0"},
        "down": {"uv": [1, 0, 2, 9], "rotation": 90, "texture": "#0"}
      }
    },
    {
      "from": [9.5, 1, 2.5],
      "to": [10.5, 3, 9.5],
      "rotation": {"angle": 22.5, "axis": "y", "origin": [6, 0, 6]},
      "faces": {
        "east": {"uv": [1, 9, 8, 11], "texture": "#0"},
        "up": {"uv": [0, 1, 1, 8], "texture": "#0"},
        "down": {"uv": [1, 1, 2, 8], "texture": "#0"}
      }
    },
    {
      "from": [1.5, 1, 2.5],
      "to": [2.5, 3, 9.5],
      "rotation": {"angle": 22.5, "axis": "y", "origin": [6, 0, 6]},
      "faces": {
        "west": {"uv": [1, 9, 8, 11], "texture": "#0"},
        "up": {"uv": [0, 1, 1, 8], "texture": "#0"},
        "down": {"uv": [1, 1, 2, 8], "texture": "#0"}
      }
    },
    {
      "from": [4.5, 5, 6],
      "to": [6, 5.75, 7.5],
      "faces": {
        "north": {"uv": [14, 14, 12, 15], "rotation": 180, "texture": "#0"},
        "east": {"uv": [12, 16, 13, 14], "rotation": 270, "texture": "#0"},
        "south": {"uv": [14, 15, 12, 16], "texture": "#0"},
        "west": {"uv": [13, 16, 14, 14], "rotation": 90, "texture": "#0"},
        "up": {"uv": [14, 14, 12, 16], "texture": "#0"},
        "down": {"uv": [14, 16, 12, 14], "texture": "#0"}
      }
    },
    {
      "from": [5.25, 5, 5.25],
      "to": [6, 5.75, 6],
      "faces": {
        "north": {"uv": [13, 13, 12, 14], "texture": "#0"},
        "east": {"uv": [13, 13, 12, 14], "texture": "#0"},
        "west": {"uv": [13, 13, 12, 14], "texture": "#0"},
        "up": {"uv": [13, 13, 12, 14], "texture": "#0"},
        "down": {"uv": [13, 13, 12, 14], "texture": "#0"}
      }
    },
    {
      "from": [11, 0, 4.5],
      "to": [12.5, 0.75, 6],
      "rotation": {"angle": -22.5, "axis": "y", "origin": [11.9375, 8, 4.6875]},
      "faces": {
        "north": {"uv": [16, 14, 14, 15], "rotation": 180, "texture": "#0"},
        "east": {"uv": [14, 16, 15, 14], "rotation": 270, "texture": "#0"},
        "south": {"uv": [16, 15, 14, 16], "texture": "#0"},
        "west": {"uv": [15, 16, 16, 14], "rotation": 90, "texture": "#0"},
        "up": {"uv": [16, 14, 14, 16], "texture": "#0"},
        "down": {"uv": [16, 16, 14, 14], "texture": "#0"}
      }
    },
    {
      "from": [11.75, 0, 3.75],
      "to": [12.5, 0.75, 4.5],
      "rotation": {"angle": -22.5, "axis": "y", "origin": [11.9375, 8, 4.6875]},
      "faces": {
        "north": {"uv": [15, 13, 14, 14], "texture": "#0"},
        "east": {"uv": [15, 13, 14, 14], "texture": "#0"},
        "west": {"uv": [15, 13, 14, 14], "texture": "#0"},
        "up": {"uv": [15, 13, 14, 14], "texture": "#0"},
        "down": {"uv": [15, 13, 14, 14], "texture": "#0"}
      }
    },
    {
      "from": [12, 0, 9.5],
      "to": [13.5, 0.75, 11],
      "faces": {
        "north": {"uv": [13, 16, 14, 14], "rotation": 90, "texture": "#0"},
        "east": {"uv": [14, 14, 12, 15], "rotation": 180, "texture": "#0"},
        "south": {"uv": [12, 16, 13, 14], "rotation": 270, "texture": "#0"},
        "west": {"uv": [14, 15, 12, 16], "texture": "#0"},
        "up": {"uv": [14, 14, 12, 16], "rotation": 90, "texture": "#0"},
        "down": {"uv": [14, 16, 12, 14], "rotation": 270, "texture": "#0"}
      }
    },
    {
      "from": [13.5, 0, 10.25],
      "to": [14.25, 0.75, 11],
      "faces": {
        "north": {"uv": [13, 13, 12, 14], "texture": "#0"},
        "east": {"uv": [13, 13, 12, 14], "texture": "#0"},
        "south": {"uv": [13, 13, 12, 14], "texture": "#0"},
        "up": {"uv": [13, 13, 12, 14], "rotation": 90, "texture": "#0"},
        "down": {"uv": [13, 13, 12, 14], "rotation": 270, "texture": "#0"}
      }
    },
    {
      "from": [10, 0, 12.5],
      "to": [11.5, 0.75, 14],
      "faces": {
        "north": {"uv": [16, 14, 14, 15], "rotation": 180, "texture": "#0"},
        "east": {"uv": [14, 16, 15, 14], "rotation": 270, "texture": "#0"},
        "south": {"uv": [16, 15, 14, 16], "texture": "#0"},
        "west": {"uv": [15, 16, 16, 14], "rotation": 90, "texture": "#0"},
        "up": {"uv": [16, 14, 14, 16], "texture": "#0"},
        "down": {"uv": [16, 16, 14, 14], "texture": "#0"}
      }
    },
    {
      "from": [10.75, 0, 11.75],
      "to": [11.5, 0.75, 12.5],
      "faces": {
        "north": {"uv": [15, 13, 14, 14], "texture": "#0"},
        "east": {"uv": [15, 13, 14, 14], "texture": "#0"},
        "west": {"uv": [15, 13, 14, 14], "texture": "#0"},
        "up": {"uv": [15, 13, 14, 14], "texture": "#0"},
        "down": {"uv": [15, 13, 14, 14], "texture": "#0"}
      }
    },
    {
      "from": [7.5, 0, 11],
      "to": [9, 0.75, 12.5],
      "rotation": {"angle": 22.5, "axis": "y", "origin": [8.8125, 8, 11.9375]},
      "faces": {
        "north": {"uv": [13, 16, 14, 14], "rotation": 90, "texture": "#0"},
        "east": {"uv": [14, 14, 12, 15], "rotation": 180, "texture": "#0"},
        "south": {"uv": [12, 16, 13, 14], "rotation": 270, "texture": "#0"},
        "west": {"uv": [14, 15, 12, 16], "texture": "#0"},
        "up": {"uv": [14, 14, 12, 16], "rotation": 90, "texture": "#0"},
        "down": {"uv": [14, 16, 12, 14], "rotation": 270, "texture": "#0"}
      }
    },
    {
      "from": [9, 0, 11.75],
      "to": [9.75, 0.75, 12.5],
      "rotation": {"angle": 22.5, "axis": "y", "origin": [8.8125, 8, 11.9375]},
      "faces": {
        "north": {"uv": [13, 13, 12, 14], "texture": "#0"},
        "east": {"uv": [13, 13, 12, 14], "texture": "#0"},
        "south": {"uv": [13, 13, 12, 14], "texture": "#0"},
        "up": {"uv": [13, 13, 12, 14], "rotation": 90, "texture": "#0"},
        "down": {"uv": [13, 13, 12, 14], "rotation": 270, "texture": "#0"}
      }
    },
    {
      "from": [5.5, 0, 13.5],
      "to": [7, 0.75, 15],
      "faces": {
        "north": {"uv": [14, 16, 15, 14], "rotation": 270, "texture": "#0"},
        "east": {"uv": [16, 15, 14, 16], "texture": "#0"},
        "south": {"uv": [15, 16, 16, 14], "rotation": 90, "texture": "#0"},
        "west": {"uv": [16, 14, 14, 15], "rotation": 180, "texture": "#0"},
        "up": {"uv": [16, 14, 14, 16], "rotation": 270, "texture": "#0"},
        "down": {"uv": [16, 16, 14, 14], "rotation": 90, "texture": "#0"}
      }
    },
    {
      "from": [4.75, 0, 13.5],
      "to": [5.5, 0.75, 14.25],
      "faces": {
        "north": {"uv": [15, 13, 14, 14], "rotation": 270, "texture": "#0"},
        "south": {"uv": [15, 13, 14, 14], "rotation": 270, "texture": "#0"},
        "west": {"uv": [15, 13, 14, 14], "rotation": 270, "texture": "#0"},
        "up": {"uv": [15, 13, 14, 14], "rotation": 270, "texture": "#0"},
        "down": {"uv": [15, 13, 14, 14], "rotation": 270, "texture": "#0"}
      }
    }
  ],
  "groups": [
    {
      "name": "bowl",
      "origin": [8, 8, 8],
      "children": [0, 1, 2, 3, 4, 5, 6]
    },
    {
      "name": "seeds",
      "origin": [8.28, 4.56, 13.7],
      "children": [7, 8]
    },
    {
      "name": "seeds",
      "origin": [8.28, 4.56, 13.7],
      "children": [9, 10]
    },
    {
      "name": "seeds",
      "origin": [8.28, 4.56, 13.7],
      "children": [11, 12]
    },
    {
      "name": "seeds",
      "origin": [8.28, 4.56, 13.7],
      "children": [13, 14]
    },
    {
      "name": "seeds",
      "origin": [8.28, 4.56, 13.7],
      "children": [15, 16]
    },
    {
      "name": "seeds",
      "origin": [8.28, 4.56, 13.7],
      "children": [17, 18]
    }
  ]
}