{
  "ambientocclusion": false,
  "parent": "addon:block/cmd_item",
  "textures": {
    "0": "addon:block/pumpkin_0",
    "1": "addon:block/pumpkin_0_01"
  },
  "elements": [
    {
      "from": [3, 0, 3],
      "to": [13, 8, 13],
      "faces": {
        "north": {"uv": [0, 0, 10, 8], "texture": "#1"},
        "east": {"uv": [0, 0, 10, 8], "texture": "#1"},
        "south": {"uv": [0, 0, 10, 8], "texture": "#1"},
        "west": {"uv": [0, 0, 10, 8], "texture": "#1"},
        "up": {"uv": [0, 0, 10, 10], "texture": "#0"},
        "down": {"uv": [0, 0, 10, 10], "texture": "#0"}
      }
    },
    {
      "from": [9, 0, 12],
      "to": [14, 0, 16],
      "rotation": {"angle": 45, "axis": "x", "origin": [14, 0, 16]},
      "faces": {
        "up": {"uv": [1, 11, 6, 15], "texture": "#1"},
        "down": {"uv": [1, 15, 6, 11], "texture": "#1"}
      }
    },
    {
      "from": [-0.5, 8.5, 8],
      "to": [6.5, 8.5, 14],
      "rotation": {"angle": -45, "axis": "y", "origin": [3, 8, 11]},
      "faces": {
        "up": {"uv": [8, 10, 15, 16], "texture": "#1"},
        "down": {"uv": [8, 16, 15, 10], "texture": "#1"}
      }
    }
  ]
}