{
  "credit": "Made with Blockbench",
  "parent": "addon:block/cmd_item",
  "textures": {
    "0": "addon:block/redstone_bag"
  },
  "elements": [
    {
      "from": [1, 0, 2.5],
      "to": [8, 5, 10.5],
      "faces": {
        "north": {"uv": [3, 9, 8, 16], "rotation": 270, "texture": "#0"},
        "east": {"uv": [8, 6, 16, 11], "texture": "#0"},
        "south": {"uv": [0, 9, 5, 16], "rotation": 90, "texture": "#0"},
        "west": {"uv": [8, 11, 16, 16], "texture": "#0"},
        "up": {"uv": [0, 9, 8, 16], "rotation": 90, "texture": "#0"},
        "down": {"uv": [0, 9, 8, 16], "rotation": 90, "texture": "#0"}
      }
    },
    {
      "from": [6, 0, 10],
      "to": [9, 5.5, 11],
      "faces": {
        "north": {"uv": [1, 8, 6, 11], "rotation": 270, "texture": "#0"},
        "east": {"uv": [8, 11, 9, 16], "texture": "#0"},
        "south": {"uv": [1, 8, 6, 11], "rotation": 90, "texture": "#0"},
        "west": {"uv": [15, 11, 16, 16], "texture": "#0"},
        "up": {"uv": [7, 8, 8, 11], "rotation": 90, "texture": "#0"},
        "down": {"uv": [0, 8, 1, 11], "rotation": 90, "texture": "#0"}
      }
    },
    {
      "from": [6, 0, 2],
      "to": [9, 5.5, 3],
      "faces": {
        "north": {"uv": [1, 8, 6, 11], "rotation": 270, "texture": "#0"},
        "east": {"uv": [15, 11, 16, 16], "texture": "#0"},
        "south": {"uv": [1, 8, 6, 11], "rotation": 90, "texture": "#0"},
        "west": {"uv": [9, 11, 10, 16], "texture": "#0"},
        "up": {"uv": [0, 8, 1, 11], "rotation": 90, "texture": "#0"},
        "down": {"uv": [7, 8, 8, 11], "rotation": 90, "texture": "#0"}
      }
    },
    {
      "from": [6, 4.5, 3],
      "to": [9, 5.5, 10],
      "faces": {
        "east": {"uv": [9, 11, 15, 12], "texture": "#0"},
        "west": {"uv": [10, 11, 15, 12], "texture": "#0"},
        "up": {"uv": [1, 8, 7, 11], "rotation": 90, "texture": "#0"},
        "down": {"uv": [1, 8, 7, 11], "rotation": 90, "texture": "#0"}
      }
    },
    {
      "from": [6, -0.01, 3],
      "to": [9, 0.99, 10],
      "faces": {
        "east": {"uv": [9, 15, 15, 16], "texture": "#0"},
        "west": {"uv": [0, 0, 5.5, 1], "texture": "#0"},
        "up": {"uv": [1, 8, 7, 11], "rotation": 90, "texture": "#0"},
        "down": {"uv": [1, 8, 7, 11], "rotation": 90, "texture": "#0"}
      }
    },
    {
      "from": [7.5, 1, 4.5],
      "to": [11.5, 2, 8.5],
      "faces": {
        "north": {"uv": [11, 5, 15, 6], "texture": "#0"},
        "east": {"uv": [11, 5, 15, 6], "texture": "#0"},
        "south": {"uv": [11, 5, 15, 6], "texture": "#0"},
        "west": {"uv": [11, 5, 15, 6], "texture": "#0"},
        "up": {"uv": [10, 1, 14, 5], "texture": "#0"}
      }
    },
    {
      "from": [7.5, 0.01, 3.5],
      "to": [13.5, 1.02, 9.5],
      "faces": {
        "north": {"uv": [10, 5, 16, 6], "texture": "#0"},
        "east": {"uv": [10, 5, 16, 6], "texture": "#0"},
        "south": {"uv": [10, 5, 16, 6], "texture": "#0"},
        "west": {"uv": [10, 5, 16, 6], "texture": "#0"},
        "up": {"uv": [10, 0, 16, 6], "texture": "#0"},
        "down": {"uv": [10, 0, 16, 6], "texture": "#0"}
      }
    },
    {
      "from": [10.5, 0, 6.5],
      "to": [14.5, 1, 10.5],
      "faces": {
        "north": {"uv": [11, 5, 15, 6], "texture": "#0"},
        "east": {"uv": [11, 5, 15, 6], "texture": "#0"},
        "south": {"uv": [11, 5, 15, 6], "texture": "#0"},
        "west": {"uv": [11, 5, 15, 6], "texture": "#0"},
        "up": {"uv": [11, 1, 15, 5], "texture": "#0"},
        "down": {"uv": [11, 1, 15, 5], "texture": "#0"}
      }
    },
    {
      "from": [5, 0.01, 10.5],
      "to": [12, 0.02, 15.5],
      "faces": {
        "up": {"uv": [1, 1, 7, 6], "texture": "#0"},
        "down": {"uv": [1, 6, 7, 1], "texture": "#0"}
      }
    }
  ]
}