{
  "credit": "Made with Blockbench",
  "parent": "addon:block/cmd_item",
  "textures": {
    "0": "addon:block/scale"
  },
  "elements": [
    {
      "from": [5, 0, 5],
      "to": [11, 1, 11],
      "faces": {
        "north": {"uv": [0, 6, 6, 7], "texture": "#0"},
        "east": {"uv": [0, 6, 6, 7], "texture": "#0"},
        "south": {"uv": [0, 6, 6, 7], "texture": "#0"},
        "west": {"uv": [0, 6, 6, 7], "texture": "#0"},
        "up": {"uv": [0, 0, 6, 6], "texture": "#0"},
        "down": {"uv": [0, 0, 6, 6], "texture": "#0"}
      }
    },
    {
      "from": [6.5, 2, 6.5],
      "to": [9.5, 4, 9.5],
      "faces": {
        "north": {"uv": [7, 8, 10, 10], "texture": "#0"},
        "east": {"uv": [7, 8, 10, 10], "texture": "#0"},
        "south": {"uv": [7, 8, 10, 10], "texture": "#0"},
        "west": {"uv": [7, 8, 10, 10], "texture": "#0"},
        "up": {"uv": [12, 9, 15, 12], "texture": "#0"},
        "down": {"uv": [12, 9, 15, 12], "texture": "#0"}
      }
    },
    {
      "from": [7.25, 1, 7.25],
      "to": [8.75, 12, 8.75],
      "faces": {
        "north": {"uv": [7, 0, 9, 11], "texture": "#0"},
        "east": {"uv": [7, 0, 9, 11], "texture": "#0"},
        "south": {"uv": [7, 0, 9, 11], "texture": "#0"},
        "west": {"uv": [7, 0, 9, 11], "texture": "#0"}
      }
    },
    {
      "from": [7, 12, 7],
      "to": [9, 15, 9],
      "faces": {
        "north": {"uv": [0, 9, 2, 12], "texture": "#0"},
        "east": {"uv": [0, 9, 2, 12], "texture": "#0"},
        "south": {"uv": [0, 9, 2, 12], "texture": "#0"},
        "west": {"uv": [0, 9, 2, 12], "texture": "#0"},
        "up": {"uv": [0, 7, 2, 9], "texture": "#0"},
        "down": {"uv": [0, 7, 2, 9], "texture": "#0"}
      }
    },
    {
      "from": [0, 11, 8],
      "to": [16, 14, 8.01],
      "faces": {
        "north": {"uv": [0, 13, 16, 16], "texture": "#0"},
        "south": {"uv": [0, 13, 16, 16], "texture": "#0"}
      }
    },
    {
      "from": [0, 3, 5.5],
      "to": [5, 4, 10.5],
      "faces": {
        "north": {"uv": [11, 8, 16, 9], "texture": "#0"},
        "east": {"uv": [11, 8, 16, 9], "texture": "#0"},
        "south": {"uv": [11, 8, 16, 9], "texture": "#0"},
        "west": {"uv": [11, 8, 16, 9], "texture": "#0"},
        "up": {"uv": [2, 7, 7, 12], "texture": "#0"},
        "down": {"uv": [2, 7, 7, 12], "texture": "#0"}
      }
    },
    {
      "from": [0, 4, 8],
      "to": [5, 11, 8.01],
      "rotation": {"angle": 45, "axis": "y", "origin": [2.5, 8, 8]},
      "faces": {
        "north": {"uv": [11, 0, 16, 7], "texture": "#0"},
        "south": {"uv": [11, 0, 16, 7], "texture": "#0"}
      }
    },
    {
      "from": [2.5, 4, 5.5],
      "to": [2.51, 11, 10.5],
      "rotation": {"angle": 45, "axis": "y", "origin": [2.5, 8, 8]},
      "faces": {
        "east": {"uv": [11, 0, 16, 7], "texture": "#0"},
        "west": {"uv": [11, 0, 16, 7], "texture": "#0"}
      }
    },
    {
      "from": [11, 3, 5.5],
      "to": [16, 4, 10.5],
      "faces": {
        "north": {"uv": [11, 8, 16, 9], "texture": "#0"},
        "east": {"uv": [11, 8, 16, 9], "texture": "#0"},
        "south": {"uv": [11, 8, 16, 9], "texture": "#0"},
        "west": {"uv": [11, 8, 16, 9], "texture": "#0"},
        "up": {"uv": [2, 7, 7, 12], "texture": "#0"},
        "down": {"uv": [2, 7, 7, 12], "texture": "#0"}
      }
    },
    {
      "from": [13.5, 4, 5.5],
      "to": [13.51, 11, 10.5],
      "rotation": {"angle": 45, "axis": "y", "origin": [13.5, 8, 8]},
      "faces": {
        "east": {"uv": [11, 0, 16, 7], "texture": "#0"},
        "west": {"uv": [11, 0, 16, 7], "texture": "#0"}
      }
    },
    {
      "from": [11, 4, 8],
      "to": [16, 11, 8.01],
      "rotation": {"angle": 45, "axis": "y", "origin": [13.5, 8, 8]},
      "faces": {
        "north": {"uv": [11, 0, 16, 7], "texture": "#0"},
        "south": {"uv": [11, 0, 16, 7], "texture": "#0"}
      }
    }
  ]
}