{
	"credit": "Made with Blockbench",
	"texture_size": [64, 64],
	"textures": {
		"0": "addon:block/seal_statue"
	},
	"elements": [
		{
			"name": "body",
			"from": [-4, 0, -9],
			"to": [4, 7, 7],
			"faces": {
				"north": {"uv": [4, 4, 6, 5.75], "texture": "#0"},
				"east": {"uv": [0, 4, 4, 5.75], "texture": "#0"},
				"south": {"uv": [10, 4, 12, 5.75], "texture": "#0"},
				"west": {"uv": [6, 4, 10, 5.75], "texture": "#0"},
				"up": {"uv": [6, 4, 4, 0], "texture": "#0"},
				"down": {"uv": [8, 0, 6, 4], "texture": "#0"}
			}
		},
		{
			"name": "nose",
			"from": [-2, 1, -10],
			"to": [2, 3, -9],
			"rotation": {"angle": 0, "axis": "y", "origin": [-1, 1, 3]},
			"faces": {
				"north": {"uv": [0.25, 2.75, 1.25, 3.25], "texture": "#0"},
				"east": {"uv": [0, 2.75, 0.25, 3.25], "texture": "#0"},
				"south": {"uv": [1.5, 2.75, 2.5, 3.25], "texture": "#0"},
				"west": {"uv": [1.25, 2.75, 1.5, 3.25], "texture": "#0"},
				"up": {"uv": [1.25, 2.75, 0.25, 2.5], "texture": "#0"},
				"down": {"uv": [2.25, 2.5, 1.25, 2.75], "texture": "#0"}
			}
		},
		{
			"name": "left_flipper",
			"from": [-5, -2, -6],
			"to": [-4, 2, -3],
			"faces": {
				"north": {"uv": [8.5, 7.5, 8.75, 8.5], "texture": "#0"},
				"east": {"uv": [7.75, 7.5, 8.5, 8.5], "texture": "#0"},
				"south": {"uv": [9.5, 7.5, 9.75, 8.5], "texture": "#0"},
				"west": {"uv": [8.75, 7.5, 9.5, 8.5], "texture": "#0"},
				"up": {"uv": [8.75, 7.5, 8.5, 6.75], "texture": "#0"},
				"down": {"uv": [9, 6.75, 8.75, 7.5], "texture": "#0"}
			}
		},
		{
			"name": "right_flipper",
			"from": [4, -2, -6],
			"to": [5, 2, -3],
			"faces": {
				"north": {"uv": [6.5, 7.5, 6.75, 8.5], "texture": "#0"},
				"east": {"uv": [5.75, 7.5, 6.5, 8.5], "texture": "#0"},
				"south": {"uv": [7.5, 7.5, 7.75, 8.5], "texture": "#0"},
				"west": {"uv": [6.75, 7.5, 7.5, 8.5], "texture": "#0"},
				"up": {"uv": [6.75, 7.5, 6.5, 6.75], "texture": "#0"},
				"down": {"uv": [7, 6.75, 6.75, 7.5], "texture": "#0"}
			}
		},
		{
			"name": "tail_fin",
			"from": [-3, 1, 7],
			"to": [0, 2, 11],
			"rotation": {"angle": 0, "axis": "y", "origin": [0, 0, -3]},
			"faces": {
				"north": {"uv": [1, 2.25, 1.75, 2.5], "texture": "#0"},
				"east": {"uv": [0, 2.25, 1, 2.5], "texture": "#0"},
				"south": {"uv": [2.75, 2.25, 3.5, 2.5], "texture": "#0"},
				"west": {"uv": [1.75, 2.25, 2.75, 2.5], "texture": "#0"},
				"up": {"uv": [1.75, 2.25, 1, 1.25], "texture": "#0"},
				"down": {"uv": [2.5, 1.25, 1.75, 2.25], "texture": "#0"}
			}
		},
		{
			"name": "tail_fin",
			"from": [0, 1, 7],
			"to": [3, 2, 11],
			"rotation": {"angle": 0, "axis": "y", "origin": [1.5, 1.5, 9]},
			"faces": {
				"north": {"uv": [1, 1, 1.75, 1.25], "texture": "#0"},
				"east": {"uv": [0, 1, 1, 1.25], "texture": "#0"},
				"south": {"uv": [2.75, 1, 3.5, 1.25], "texture": "#0"},
				"west": {"uv": [1.75, 1, 2.75, 1.25], "texture": "#0"},
				"up": {"uv": [1.75, 1, 1, 0], "texture": "#0"},
				"down": {"uv": [2.5, 0, 1.75, 1], "texture": "#0"}
			}
		}
	],
	"display": {
		"thirdperson_righthand": {
			"rotation": [0, -180, 0],
			"translation": [0, 3.75, 1.5],
			"scale": [0.5, 0.5, 0.5]
		},
		"thirdperson_lefthand": {
			"rotation": [0, -180, 0],
			"translation": [0, 3.75, 1.5],
			"scale": [0.5, 0.5, 0.5]
		},
		"firstperson_righthand": {
			"rotation": [0, 120, 0],
			"translation": [0.5, 5.75, 0]
		},
		"firstperson_lefthand": {
			"rotation": [0, 120, 0],
			"translation": [0.5, 5.75, 0]
		},
		"ground": {
			"translation": [0, 4, 0]
		},
		"gui": {
			"rotation": [30, -150, 0],
			"translation": [0, 3.5, 0],
			"scale": [1.2, 1.2, 1.2]
		},
		"head": {
			"translation": [0, 18, 0],
			"scale": [1.5, 1.5, 1.5]
		},
		"fixed": {
			"rotation": [-90, 0, 0],
			"translation": [33, 30, -32],
			"scale": [5, 5, 5]
		}
	}
}