{
  "credit": "Made with Blockbench",
  "parent": "addon:block/cmd_item",
  "textures": {
    "0": "block/snow",
    "1": "block/red_wool_side",
    "2": "block/black_wool",
    "3": "addon:block/snowman_1"
  },
  "elements": [
    {
      "from": [1, 0, 1],
      "to": [15, 14, 15],
      "faces": {
        "north": {"uv": [0, 0, 14, 14], "texture": "#0"},
        "east": {"uv": [0, 0, 14, 14], "texture": "#0"},
        "south": {"uv": [0, 0, 14, 14], "texture": "#0"},
        "west": {"uv": [0, 0, 14, 14], "texture": "#0"},
        "up": {"uv": [0, 0, 14, 14], "texture": "#0"},
        "down": {"uv": [0, 0, 14, 14], "texture": "#0"}
      }
    },
    {
      "from": [2, 14, 2],
      "to": [14, 26, 14],
      "faces": {
        "north": {"uv": [0, 0, 12, 12], "texture": "#0"},
        "east": {"uv": [0, 0, 12, 12], "texture": "#0"},
        "south": {"uv": [0, 0, 12, 12], "texture": "#0"},
        "west": {"uv": [0, 0, 12, 12], "texture": "#0"},
        "up": {"uv": [0, 0, 12, 12], "texture": "#0"},
        "down": {"uv": [0, 0, 12, 12], "texture": "#0"}
      }
    },
    {
      "from": [0.5, 12, 0.5],
      "to": [15.5, 16, 15.5],
      "faces": {
        "north": {"uv": [0, 0, 15, 4], "texture": "#1"},
        "east": {"uv": [0, 0, 15, 4], "texture": "#1"},
        "south": {"uv": [0, 0, 15, 4], "texture": "#1"},
        "west": {"uv": [0, 0, 15, 4], "texture": "#1"},
        "up": {"uv": [0, 0, 15, 15], "texture": "#1"},
        "down": {"uv": [0, 0, 15, 15], "texture": "#1"}
      }
    },
    {
      "from": [7, 4, 15.25],
      "to": [14, 13, 15.25],
      "faces": {
        "south": {"uv": [2, 7, 9, 16], "texture": "#3"}
      }
    },
    {
      "from": [3, 18, 14.25],
      "to": [13, 24, 14.25],
      "faces": {
        "south": {"uv": [0, 0, 10, 6], "texture": "#3"}
      }
    },
    {
      "from": [6.5, 20, 14],
      "to": [9.5, 22, 16],
      "faces": {
        "east": {"uv": [16, 14, 14, 16], "texture": "#3"},
        "south": {"uv": [11, 14, 14, 16], "texture": "#3"},
        "west": {"uv": [14, 14, 16, 16], "texture": "#3"},
        "up": {"uv": [11, 16, 14, 14], "texture": "#3"},
        "down": {"uv": [11, 16, 14, 14], "texture": "#3"}
      }
    },
    {
      "from": [7, 20.5, 16],
      "to": [9, 21.5, 18],
      "faces": {
        "east": {"uv": [11, 14, 13, 15], "texture": "#3"},
        "south": {"uv": [10, 14, 12, 15], "texture": "#3"},
        "west": {"uv": [11, 14, 13, 15], "texture": "#3"},
        "up": {"uv": [11, 14, 13, 16], "texture": "#3"},
        "down": {"uv": [12, 14, 14, 16], "texture": "#3"}
      }
    },
    {
      "from": [0, 26, 0],
      "to": [16, 27, 16],
      "faces": {
        "north": {"uv": [0, 0, 16, 1], "texture": "#2"},
        "east": {"uv": [0, 0, 16, 1], "texture": "#2"},
        "south": {"uv": [0, 0, 16, 1], "texture": "#2"},
        "west": {"uv": [0, 0, 16, 1], "texture": "#2"},
        "up": {"uv": [0, 0, 16, 16], "texture": "#2"},
        "down": {"uv": [0, 0, 16, 16], "texture": "#2"}
      }
    },
    {
      "from": [3, 27, 3],
      "to": [13, 32, 13],
      "faces": {
        "north": {"uv": [0, 0, 10, 5], "texture": "#2"},
        "east": {"uv": [0, 0, 10, 5], "texture": "#2"},
        "south": {"uv": [0, 0, 10, 5], "texture": "#2"},
        "west": {"uv": [0, 0, 10, 5], "texture": "#2"},
        "up": {"uv": [0, 0, 10, 10], "texture": "#2"}
      }
    },
    {
      "from": [13, 8, 8],
      "to": [24, 12, 8],
      "rotation": {"angle": 22.5, "axis": "z", "origin": [14, 10, 8]},
      "faces": {
        "north": {"uv": [16, 2, 13, 12], "rotation": 270, "texture": "#3"},
        "south": {"uv": [11, 1, 15, 12], "rotation": 90, "texture": "#3"}
      }
    },
    {
      "from": [-8, 8, 8],
      "to": [3, 12, 8],
      "rotation": {"angle": -22.5, "axis": "z", "origin": [2, 10, 8]},
      "faces": {
        "north": {"uv": [16, 12, 13, 2], "rotation": 270, "texture": "#3"},
        "south": {"uv": [11, 12, 15, 1], "rotation": 90, "texture": "#3"}
      }
    }
  ],
  "display": {
    "gui": {
      "rotation": [30, -45, 0],
      "translation": [0, -2, 0],
      "scale": [0.4, 0.4, 0.4]
    },
    "ground": {
      "rotation": [0, 0, 0],
      "translation": [0, 3, 0],
      "scale": [0.4, 0.4, 0.4]
    },
    "thirdperson_righthand": {
      "rotation": [75, 210, 0],
      "translation": [0, 3, 0],
      "scale": [0.5, 0.5, 0.5]
    },
    "firstperson_righthand": {
      "rotation": [0, -45, 0],
      "translation": [1, 2, 1],
      "scale": [0.4, 0.4, 0.4]
    }
  }
}