{
  "credit": "Made with Blockbench",
  "parent": "addon:block/cmd_item",
  "textures": {
    "0": "block/snow",
    "1": "addon:block/snowman_0"
  },
  "elements": [
    {
      "from": [4, 0, 4],
      "to": [12, 7, 12],
      "faces": {
        "north": {"uv": [0, 0, 7, 7], "texture": "#0"},
        "east": {"uv": [0, 0, 7, 7], "texture": "#0"},
        "south": {"uv": [0, 0, 7, 7], "texture": "#0"},
        "west": {"uv": [0, 0, 7, 7], "texture": "#0"},
        "up": {"uv": [0, 0, 7, 7], "texture": "#0"},
        "down": {"uv": [0, 0, 7, 7], "texture": "#0"}
      }
    },
    {
      "from": [4.5, 7, 4.5],
      "to": [11.5, 13, 11.5],
      "faces": {
        "north": {"uv": [0, 0, 6, 6], "texture": "#0"},
        "east": {"uv": [0, 0, 6, 6], "texture": "#0"},
        "south": {"uv": [0, 0, 6, 6], "texture": "#0"},
        "west": {"uv": [0, 0, 6, 6], "texture": "#0"},
        "up": {"uv": [0, 0, 6, 6], "texture": "#0"},
        "down": {"uv": [0, 0, 6, 6], "texture": "#0"}
      }
    },
    {
      "from": [3.5, 5, 3.5],
      "to": [12.5, 8, 12.5],
      "faces": {
        "north": {"uv": [7, 0, 16, 3], "texture": "#1"},
        "east": {"uv": [7, 0, 16, 3], "texture": "#1"},
        "south": {"uv": [7, 0, 16, 3], "texture": "#1"},
        "west": {"uv": [7, 0, 16, 3], "texture": "#1"},
        "up": {"uv": [7, 7, 16, 16], "texture": "#1"},
        "down": {"uv": [7, 7, 16, 16], "texture": "#1"}
      }
    },
    {
      "from": [7.5, 1, 12.25],
      "to": [11.5, 5, 12.25],
      "faces": {
        "south": {"uv": [3, 6, 7, 10], "texture": "#1"}
      }
    },
    {
      "from": [6, 8, 11.75],
      "to": [10, 11, 11.75],
      "faces": {
        "south": {"uv": [1, 2, 5, 5], "texture": "#1"}
      }
    },
    {
      "from": [7.5, 9, 11.5],
      "to": [8.5, 10, 12.5],
      "faces": {
        "north": {"uv": [0, 0, 1, 1], "texture": "#1"},
        "east": {"uv": [0, 0, 1, 1], "texture": "#1"},
        "south": {"uv": [0, 0, 1, 1], "texture": "#1"},
        "west": {"uv": [0, 0, 1, 1], "texture": "#1"},
        "up": {"uv": [0, 0, 1, 1], "texture": "#1"},
        "down": {"uv": [0, 0, 1, 1], "texture": "#1"}
      }
    },
    {
      "from": [0, 4, 9],
      "to": [5, 6, 9],
      "rotation": {"angle": -22.5, "axis": "z", "origin": [4, 4, 9]},
      "faces": {
        "north": {"uv": [6, 12, 1, 14], "texture": "#1"},
        "south": {"uv": [1, 12, 6, 14], "texture": "#1"}
      }
    },
    {
      "from": [11, 4, 9],
      "to": [16, 6, 9],
      "rotation": {"angle": 22.5, "axis": "z", "origin": [12, 4, 9]},
      "faces": {
        "north": {"uv": [1, 12, 6, 14], "texture": "#1"},
        "south": {"uv": [6, 12, 1, 14], "texture": "#1"}
      }
    }
  ]
}