{
	"credit": "Made with Blockbench",
	"parent": "addon:block/cmd_item",
	"textures": {
		"0": "addon:block/powder",
		"1": "addon:block/sugar_bowl"
	},
	"elements": [
		{
			"from": [5, 0, 5],
			"to": [11, 1, 11],
			"faces": {
				"north": {"uv": [2, 15, 8, 16], "texture": "#1"},
				"east": {"uv": [2, 15, 8, 16], "texture": "#1"},
				"south": {"uv": [2, 15, 8, 16], "texture": "#1"},
				"west": {"uv": [2, 15, 8, 16], "texture": "#1"},
				"down": {"uv": [6, 4, 9, 7], "texture": "#1"}
			}
		},
		{
			"from": [3.5, 1, 3.5],
			"to": [12.5, 2, 12.5],
			"faces": {
				"north": {"uv": [1, 14, 10, 15], "texture": "#1"},
				"east": {"uv": [1, 14, 10, 15], "texture": "#1"},
				"south": {"uv": [1, 14, 10, 15], "texture": "#1"},
				"west": {"uv": [1, 14, 10, 15], "texture": "#1"},
				"down": {"uv": [3, 1, 12, 10], "texture": "#1"}
			}
		},
		{
			"from": [2.5, 2, 2.5],
			"to": [13.5, 5, 13.5],
			"faces": {
				"north": {"uv": [0, 11, 11, 14], "texture": "#1"},
				"east": {"uv": [0, 11, 11, 14], "texture": "#1"},
				"south": {"uv": [0, 11, 11, 14], "texture": "#1"},
				"west": {"uv": [0, 11, 11, 14], "texture": "#1"},
				"up": {"uv": [2, 0, 13, 11], "texture": "#1"},
				"down": {"uv": [2, 0, 13, 11], "texture": "#1"}
			}
		},
		{
			"from": [4, 5, 4],
			"to": [12, 6, 12],
			"faces": {
				"north": {"uv": [8, 0, 16, 1], "texture": "#0"},
				"east": {"uv": [8, 0, 16, 1], "texture": "#0"},
				"south": {"uv": [8, 0, 16, 1], "texture": "#0"},
				"west": {"uv": [8, 0, 16, 1], "texture": "#0"},
				"up": {"uv": [8, 0, 16, 8], "texture": "#0"}
			}
		},
		{
			"from": [5, 6, 5],
			"to": [11, 7, 11],
			"faces": {
				"north": {"uv": [9, 1, 15, 2], "texture": "#0"},
				"east": {"uv": [9, 1, 15, 2], "texture": "#0"},
				"south": {"uv": [9, 1, 15, 2], "texture": "#0"},
				"west": {"uv": [9, 1, 15, 2], "texture": "#0"},
				"up": {"uv": [9, 1, 15, 7], "texture": "#0"}
			}
		},
		{
			"from": [6, 7, 6],
			"to": [10, 8, 10],
			"faces": {
				"north": {"uv": [10, 2, 14, 3], "texture": "#0"},
				"east": {"uv": [10, 2, 14, 3], "texture": "#0"},
				"south": {"uv": [10, 2, 14, 3], "texture": "#0"},
				"west": {"uv": [10, 2, 14, 3], "texture": "#0"},
				"up": {"uv": [10, 2, 14, 6], "texture": "#0"}
			}
		}
	],
	"groups": [
		{
			"name": "bowl_0",
			"isOpen": false,
			"shade": true,
			"display": {
				"visibility": true,
				"autouv": true
			},
			"children": [0, 1, 2]
		}, 3, 4, 5]
}