{
	"credit": "Made with Blockbench",
	"parent": "addon:block/cmd_item",
	"ambientocclusion": false,
	"textures": {
		"0": "addon:block/sugar_2_jar",
		"1": "addon:block/sugar_2",
		"2": "addon:block/sugar_2_01"
	},
	"elements": [
		{
			"from": [1, 0, 5],
			"to": [7, 4, 11],
			"faces": {
				"north": {"uv": [7, 8, 13, 12], "texture": "#1"},
				"east": {"uv": [7, 8, 13, 12], "texture": "#1"},
				"south": {"uv": [0, 8, 6, 12], "texture": "#1"},
				"west": {"uv": [7, 8, 13, 12], "texture": "#1"},
				"up": {"uv": [0, 0, 6, 6], "texture": "#1"},
				"down": {"uv": [7, 0, 13, 6], "texture": "#1"}
			}
		},
		{
			"from": [1, 4, 5],
			"to": [7, 7, 11],
			"faces": {
				"north": {"uv": [7, 7, 13, 10], "texture": "#0"},
				"east": {"uv": [7, 7, 13, 10], "texture": "#0"},
				"south": {"uv": [0, 7, 6, 10], "texture": "#0"},
				"west": {"uv": [7, 7, 13, 10], "texture": "#0"},
				"up": {"uv": [0, 0, 6, 6], "texture": "#0"}
			}
		},
		{
			"from": [2, 7, 6],
			"to": [6, 8, 10],
			"faces": {
				"north": {"uv": [4, 15, 8, 16], "texture": "#0"},
				"east": {"uv": [4, 15, 8, 16], "texture": "#0"},
				"south": {"uv": [0, 15, 4, 16], "texture": "#0"},
				"west": {"uv": [4, 15, 8, 16], "texture": "#0"},
				"up": {"uv": [0, 11, 4, 15], "texture": "#0"},
				"down": {"uv": [0, 11, 4, 15], "texture": "#0"}
			}
		},
		{
			"from": [3.25, 7.5, 7.25],
			"to": [4.75, 8.5, 8.75],
			"faces": {
				"north": {"uv": [5, 12, 6, 13], "texture": "#0"},
				"east": {"uv": [5, 12, 6, 13], "texture": "#0"},
				"south": {"uv": [5, 12, 6, 13], "texture": "#0"},
				"west": {"uv": [5, 12, 6, 13], "texture": "#0"},
				"up": {"uv": [5, 12, 6, 13], "texture": "#0"}
			}
		},
		{
			"from": [9, 0, 5],
			"to": [15, 5, 11],
			"faces": {
				"north": {"uv": [7, 7, 13, 12], "texture": "#2"},
				"east": {"uv": [7, 7, 13, 12], "texture": "#2"},
				"south": {"uv": [0, 7, 6, 12], "texture": "#2"},
				"west": {"uv": [7, 7, 13, 12], "texture": "#2"},
				"up": {"uv": [0, 0, 6, 6], "texture": "#2"},
				"down": {"uv": [7, 0, 13, 6], "texture": "#2"}
			}
		},
		{
			"from": [9, 5, 5],
			"to": [15, 7, 11],
			"faces": {
				"north": {"uv": [7, 7, 13, 9], "texture": "#0"},
				"east": {"uv": [7, 7, 13, 9], "texture": "#0"},
				"south": {"uv": [0, 7, 6, 9], "texture": "#0"},
				"west": {"uv": [7, 7, 13, 9], "texture": "#0"},
				"up": {"uv": [0, 0, 6, 6], "texture": "#0"}
			}
		},
		{
			"from": [10, 7, 6],
			"to": [14, 8, 10],
			"faces": {
				"north": {"uv": [4, 15, 8, 16], "texture": "#0"},
				"east": {"uv": [4, 15, 8, 16], "texture": "#0"},
				"south": {"uv": [0, 15, 4, 16], "texture": "#0"},
				"west": {"uv": [4, 15, 8, 16], "texture": "#0"},
				"up": {"uv": [0, 11, 4, 15], "texture": "#0"},
				"down": {"uv": [0, 11, 4, 15], "texture": "#0"}
			}
		},
		{
			"from": [11.25, 7.5, 7.25],
			"to": [12.75, 8.5, 8.75],
			"faces": {
				"north": {"uv": [5, 12, 6, 13], "texture": "#0"},
				"east": {"uv": [5, 12, 6, 13], "texture": "#0"},
				"south": {"uv": [5, 12, 6, 13], "texture": "#0"},
				"west": {"uv": [5, 12, 6, 13], "texture": "#0"},
				"up": {"uv": [5, 12, 6, 13], "texture": "#0"}
			}
		}
	],
	"groups": [
		{
			"name": "group",
			"origin": [9.25, 8.5, 9.25],
			"children": [0, 1, 2, 3]
		},
		{
			"name": "group",
			"origin": [9.25, 8.5, 9.25],
			"children": [4, 5, 6, 7]
		}
	]
}