{
  "parent": "addon:block/cmd_item",
  "ambientocclusion": false,
  "textures": {
    "0": "#plate",
    "1": "block/oak_planks"
  },
  "elements": [
    {
      "from": [12, 1, 10],
      "to": [14, 13, 11],
      "rotation": {"angle": -22.5, "axis": "x", "origin": [8, 1, 10]},
      "faces": {
        "north": {"uv": [10, 0, 12, 12], "rotation": 180, "texture": "#0"},
        "east": {"uv": [0, 12, 12, 13], "rotation": 270, "texture": "#0"},
        "south": {"uv": [10, 0, 12, 12], "texture": "#0"},
        "west": {"uv": [0, 12, 12, 13], "rotation": 90, "texture": "#0"},
        "up": {"uv": [0, 12, 2, 13], "rotation": 180, "texture": "#0"},
        "down": {"uv": [10, 12, 12, 13], "texture": "#0"}
      }
    },
    {
      "from": [3, 2, 9.5],
      "to": [13, 12, 10.5],
      "rotation": {"angle": -22.5, "axis": "x", "origin": [8, 1, 10]},
      "faces": {
        "north": {"uv": [1, 1, 11, 11], "rotation": 180, "texture": "#0"},
        "east": {"uv": [1, 13, 11, 14], "rotation": 270, "texture": "#0"},
        "south": {"uv": [1, 1, 11, 11], "texture": "#0"},
        "west": {"uv": [1, 13, 11, 14], "rotation": 90, "texture": "#0"},
        "up": {"uv": [1, 13, 11, 14], "rotation": 180, "texture": "#0"},
        "down": {"uv": [1, 13, 11, 14], "texture": "#0"}
      }
    },
    {
      "from": [4, 11, 10],
      "to": [12, 13, 11],
      "rotation": {"angle": -22.5, "axis": "x", "origin": [8, 1, 10]},
      "faces": {
        "north": {"uv": [2, 10, 10, 12], "rotation": 180, "texture": "#0"},
        "south": {"uv": [2, 0, 10, 2], "texture": "#0"},
        "up": {"uv": [2, 12, 10, 13], "rotation": 180, "texture": "#0"},
        "down": {"uv": [2, 12, 10, 13], "texture": "#0"}
      }
    },
    {
      "from": [4, 1, 10],
      "to": [12, 3, 11],
      "rotation": {"angle": -22.5, "axis": "x", "origin": [8, 1, 10]},
      "faces": {
        "north": {"uv": [2, 0, 10, 2], "rotation": 180, "texture": "#0"},
        "south": {"uv": [2, 10, 10, 12], "texture": "#0"},
        "up": {"uv": [2, 12, 10, 13], "rotation": 180, "texture": "#0"},
        "down": {"uv": [2, 12, 10, 13], "texture": "#0"}
      }
    },
    {
      "from": [2, 1, 10],
      "to": [4, 13, 11],
      "rotation": {"angle": -22.5, "axis": "x", "origin": [8, 1, 10]},
      "faces": {
        "north": {"uv": [0, 0, 2, 12], "rotation": 180, "texture": "#0"},
        "east": {"uv": [0, 12, 12, 13], "rotation": 270, "texture": "#0"},
        "south": {"uv": [0, 0, 2, 12], "texture": "#0"},
        "west": {"uv": [0, 12, 12, 13], "rotation": 90, "texture": "#0"},
        "up": {"uv": [10, 12, 12, 13], "rotation": 180, "texture": "#0"},
        "down": {"uv": [0, 12, 2, 13], "texture": "#0"}
      }
    },
    {
      "from": [7.5, 1, 6.75],
      "to": [8.5, 5, 7.75],
      "rotation": {"angle": -45, "axis": "y", "origin": [8, 0, 7.25]},
      "faces": {
        "north": {"uv": [0, 0, 1, 4], "texture": "#1"},
        "east": {"uv": [0, 0, 1, 4], "texture": "#1"},
        "south": {"uv": [0, 0, 1, 4], "texture": "#1"},
        "west": {"uv": [0, 0, 1, 4], "texture": "#1"},
        "up": {"uv": [0, 0, 1, 1], "texture": "#1"}
      }
    },
    {
      "from": [6.5, 0, 6.75],
      "to": [14.5, 1, 7.75],
      "rotation": {"angle": -45, "axis": "y", "origin": [8, 0, 7.25]},
      "faces": {
        "north": {"uv": [0, 0, 8, 1], "texture": "#1"},
        "east": {"uv": [0, 0, 1, 1], "texture": "#1"},
        "south": {"uv": [0, 0, 8, 1], "texture": "#1"},
        "west": {"uv": [0, 0, 1, 1], "texture": "#1"},
        "up": {"uv": [0, 0, 8, 1], "texture": "#1"},
        "down": {"uv": [0, 0, 8, 1], "texture": "#1"}
      }
    },
    {
      "from": [13.5, 1, 6.75],
      "to": [14.5, 2, 7.75],
      "rotation": {"angle": -45, "axis": "y", "origin": [8, 0, 7.25]},
      "faces": {
        "north": {"uv": [0, 0, 1, 1], "texture": "#1"},
        "east": {"uv": [0, 0, 1, 1], "texture": "#1"},
        "south": {"uv": [0, 0, 1, 1], "texture": "#1"},
        "west": {"uv": [0, 0, 1, 1], "texture": "#1"},
        "up": {"uv": [0, 0, 1, 1], "texture": "#1"}
      }
    },
    {
      "from": [7.5, 0, 5.75],
      "to": [8.5, 1, 13.75],
      "rotation": {"angle": -45, "axis": "y", "origin": [8, 0, 7.25]},
      "faces": {
        "north": {"uv": [0, 0, 1, 1], "texture": "#1"},
        "east": {"uv": [0, 0, 8, 1], "texture": "#1"},
        "south": {"uv": [0, 0, 1, 1], "texture": "#1"},
        "west": {"uv": [0, 0, 8, 1], "texture": "#1"},
        "up": {"uv": [0, 0, 8, 1], "rotation": 90, "texture": "#1"},
        "down": {"uv": [0, 0, 8, 1], "rotation": 270, "texture": "#1"}
      }
    },
    {
      "from": [7.5, 1, 12.75],
      "to": [8.5, 2, 13.75],
      "rotation": {"angle": -45, "axis": "y", "origin": [8, 0, 7.25]},
      "faces": {
        "north": {"uv": [0, 0, 1, 1], "texture": "#1"},
        "east": {"uv": [0, 0, 1, 1], "texture": "#1"},
        "south": {"uv": [0, 0, 1, 1], "texture": "#1"},
        "west": {"uv": [0, 0, 1, 1], "texture": "#1"},
        "up": {"uv": [0, 0, 1, 1], "rotation": 90, "texture": "#1"}
      }
    }
  ],
  "groups": [
    {
      "name": "group",
      "origin": [8, 0, 2.5],
      "children": [0, 1, 2, 3, 4]
    },
    {
      "name": "group",
      "origin": [8, 2.75, 7],
      "children": [5, 6, 7, 8, 9]
    }
  ]
}