{
  "parent": "addon:block/cmd_item",
  "ambientocclusion": false,
  "textures": {
    "0": "addon:block/watering_can",
    "1": "addon:block/watering_can_01"
  },
  "elements": [
    {
      "from": [5, 0, 4],
      "to": [14, 8, 12],
      "faces": {
        "north": {"uv": [9, 0, 0, 8], "texture": "#0"},
        "east": {"uv": [1, 0, 9, 8], "texture": "#0"},
        "south": {"uv": [0, 0, 9, 8], "texture": "#0"},
        "west": {"uv": [9, 0, 1, 8], "texture": "#0"},
        "up": {"uv": [0, 8, 9, 16], "texture": "#0"},
        "down": {"uv": [0, 0, 9, 8], "texture": "#1"}
      }
    },
    {
      "from": [-0.5, 7.5, 6],
      "to": [3.5, 8.5, 10],
      "rotation": {"angle": 45, "axis": "z", "origin": [1.5, 7, 8]},
      "faces": {
        "north": {"uv": [12, 4, 16, 5], "texture": "#0"},
        "east": {"uv": [12, 4, 16, 5], "texture": "#0"},
        "south": {"uv": [12, 4, 16, 5], "texture": "#0"},
        "west": {"uv": [12, 4, 16, 5], "texture": "#0"},
        "up": {"uv": [12, 0, 16, 4], "texture": "#0"},
        "down": {"uv": [12, 5, 16, 9], "texture": "#0"}
      }
    },
    {
      "from": [0.5, 0.5, 7],
      "to": [2.5, 7.5, 9],
      "rotation": {"angle": 45, "axis": "z", "origin": [1.5, 7, 8]},
      "faces": {
        "north": {"uv": [14, 9, 16, 16], "texture": "#0"},
        "east": {"uv": [14, 9, 16, 16], "texture": "#0"},
        "south": {"uv": [14, 9, 16, 16], "texture": "#0"},
        "west": {"uv": [14, 9, 16, 16], "texture": "#0"}
      }
    },
    {
      "from": [4.5, 7, 7],
      "to": [5, 12, 9],
      "faces": {
        "north": {"uv": [2, 11, 2.5, 16], "texture": "#1"},
        "east": {"uv": [0, 11, 2, 16], "texture": "#1"},
        "south": {"uv": [2, 11, 2.5, 16], "texture": "#1"},
        "west": {"uv": [0, 11, 2, 16], "texture": "#1"},
        "up": {"uv": [0, 8, 0.5, 10], "texture": "#1"},
        "down": {"uv": [0, 8, 0.5, 10], "texture": "#1"}
      }
    },
    {
      "from": [14, 7, 7],
      "to": [14.5, 12, 9],
      "faces": {
        "north": {"uv": [2, 11, 2.5, 16], "texture": "#1"},
        "east": {"uv": [0, 11, 2, 16], "texture": "#1"},
        "south": {"uv": [2, 11, 2.5, 16], "texture": "#1"},
        "west": {"uv": [0, 11, 2, 16], "texture": "#1"},
        "up": {"uv": [8, 8, 8.5, 10], "texture": "#1"},
        "down": {"uv": [0, 8, 0.5, 10], "texture": "#1"}
      }
    },
    {
      "from": [5, 11, 7],
      "to": [14, 12, 9],
      "faces": {
        "north": {"uv": [9, 10, 0, 11], "texture": "#1"},
        "south": {"uv": [0, 10, 9, 11], "texture": "#1"},
        "up": {"uv": [0, 8, 9, 10], "texture": "#1"},
        "down": {"uv": [0, 8, 9, 10], "texture": "#1"}
      }
    }
  ]
}