{
  "credit": "Made with Blockbench",
  "parent": "addon:block/cmd_item",
  "textures": {
    "0": "addon:block/wheat_bag",
    "1": "addon:block/wheat_bag_01"
  },
  "elements": [
    {
      "name": "cube",
      "from": [15.25, 2, 1.75],
      "to": [16.25, 3, 13.75],
      "faces": {
        "north": {"uv": [0, 0, 1, 1], "texture": "#0"},
        "east": {"uv": [0, 0, 12, 1], "texture": "#0"},
        "south": {"uv": [0, 0, 1, 1], "texture": "#0"},
        "up": {"uv": [0, 0, 1, 12], "texture": "#0"},
        "down": {"uv": [0, 0, 1, 12], "texture": "#0"}
      }
    },
    {
      "name": "cube",
      "from": [0.25, 2, 1.75],
      "to": [1.25, 3, 13.75],
      "faces": {
        "north": {"uv": [0, 0, 1, 1], "texture": "#0"},
        "south": {"uv": [0, 0, 1, 1], "texture": "#0"},
        "west": {"uv": [0, 0, 12, 1], "texture": "#0"},
        "up": {"uv": [0, 0, 1, 12], "texture": "#0"},
        "down": {"uv": [0, 0, 1, 12], "texture": "#0"}
      }
    },
    {
      "name": "cube",
      "from": [1.25, 0, 1.75],
      "to": [15.25, 5, 13.75],
      "faces": {
        "north": {"uv": [1, 6, 15, 11], "texture": "#1"},
        "east": {"uv": [2, 6, 14, 11], "texture": "#1"},
        "south": {"uv": [1, 6, 15, 11], "texture": "#1"},
        "west": {"uv": [2, 6, 14, 11], "texture": "#1"},
        "up": {"uv": [1, 2, 15, 14], "texture": "#0"},
        "down": {"uv": [1, 2, 15, 14], "texture": "#0"}
      }
    },
    {
      "name": "cube",
      "from": [14.25, 7.25, 2.25],
      "to": [15.25, 8.25, 14.25],
      "rotation": {"angle": 22.5, "axis": "y", "origin": [8, 8, 8]},
      "faces": {
        "north": {"uv": [0, 0, 1, 1], "texture": "#0"},
        "east": {"uv": [0, 0, 12, 1], "texture": "#0"},
        "south": {"uv": [0, 0, 1, 1], "texture": "#0"},
        "up": {"uv": [0, 0, 1, 12], "texture": "#0"},
        "down": {"uv": [0, 0, 1, 12], "texture": "#0"}
      }
    },
    {
      "name": "cube",
      "from": [-0.75, 7.25, 2.25],
      "to": [0.25, 8.25, 14.25],
      "rotation": {"angle": 22.5, "axis": "y", "origin": [8, 8, 8]},
      "faces": {
        "north": {"uv": [0, 0, 1, 1], "texture": "#0"},
        "south": {"uv": [0, 0, 1, 1], "texture": "#0"},
        "west": {"uv": [0, 0, 12, 1], "texture": "#0"},
        "up": {"uv": [0, 0, 1, 12], "texture": "#0"},
        "down": {"uv": [0, 0, 1, 12], "texture": "#0"}
      }
    },
    {
      "name": "cube",
      "from": [0.25, 5.25, 2.25],
      "to": [14.25, 10.25, 14.25],
      "rotation": {"angle": 22.5, "axis": "y", "origin": [8, 8, 8]},
      "faces": {
        "north": {"uv": [1, 6, 15, 11], "texture": "#1"},
        "east": {"uv": [2, 6, 14, 11], "texture": "#1"},
        "south": {"uv": [1, 6, 15, 11], "texture": "#1"},
        "west": {"uv": [2, 6, 14, 11], "texture": "#1"},
        "up": {"uv": [1, 2, 15, 14], "texture": "#0"},
        "down": {"uv": [1, 2, 15, 14], "texture": "#0"}
      }
    }
  ]
}