{
  "credit": "Made with Blockbench",
  "parent": "addon:block/cmd_item",
  "ambientocclusion": false,
  "textures": {
    "0": "addon:block/wheat_seeds",
    "1": "addon:block/wheat_seeds_01"
  },
  "elements": [
    {
      "from": [4, 0, 2],
      "to": [14, 8, 9],
      "rotation": {"angle": -22.5, "axis": "y", "origin": [9, 8, 5.5]},
      "faces": {
        "north": {"uv": [0, 0, 10, 8], "texture": "#1"},
        "east": {"uv": [0, 8, 7, 16], "texture": "#0"},
        "south": {"uv": [0, 0, 10, 8], "texture": "#1"},
        "west": {"uv": [0, 8, 7, 16], "texture": "#0"},
        "up": {"uv": [0.25, 0.25, 9.75, 6.75], "texture": "#0"},
        "down": {"uv": [0, 8, 10, 15], "texture": "#1"}
      }
    },
    {
      "from": [3.75, 4, 1.75],
      "to": [14.25, 8.5, 2.75],
      "rotation": {"angle": -22.5, "axis": "y", "origin": [9, 8, 5.5]},
      "faces": {
        "north": {"uv": [0, 0, 10, 4], "texture": "#1"},
        "east": {"uv": [6, 8, 7, 12], "texture": "#0"},
        "south": {"uv": [0, 0, 10, 4], "texture": "#1"},
        "west": {"uv": [0, 8, 1, 12], "texture": "#0"},
        "up": {"uv": [0, 7, 10, 8], "texture": "#0"},
        "down": {"uv": [0, 7, 10, 8], "texture": "#0"}
      }
    },
    {
      "from": [3.75, 4, 8.25],
      "to": [14.25, 8.5, 9.25],
      "rotation": {"angle": -22.5, "axis": "y", "origin": [9, 8, 5.5]},
      "faces": {
        "north": {"uv": [0, 0, 10, 4], "texture": "#1"},
        "east": {"uv": [0, 8, 1, 12], "texture": "#0"},
        "south": {"uv": [0, 0, 10, 4], "texture": "#1"},
        "west": {"uv": [6, 8, 7, 12], "texture": "#0"},
        "up": {"uv": [0, 7, 10, 8], "rotation": 180, "texture": "#0"},
        "down": {"uv": [0, 7, 10, 8], "rotation": 180, "texture": "#0"}
      }
    },
    {
      "from": [3.75, 4, 2.75],
      "to": [4.75, 8.5, 8.25],
      "rotation": {"angle": -22.5, "axis": "y", "origin": [9, 8, 5.5]},
      "faces": {
        "east": {"uv": [1, 8, 6, 12], "texture": "#0"},
        "west": {"uv": [1, 8, 6, 12], "texture": "#0"},
        "up": {"uv": [7, 8, 8, 13], "texture": "#0"},
        "down": {"uv": [7, 8, 8, 13], "texture": "#0"}
      }
    },
    {
      "from": [13.25, 4, 2.75],
      "to": [14.25, 8.5, 8.25],
      "rotation": {"angle": -22.5, "axis": "y", "origin": [9, 8, 5.5]},
      "faces": {
        "east": {"uv": [1, 8, 6, 12], "texture": "#0"},
        "west": {"uv": [1, 8, 6, 12], "texture": "#0"},
        "up": {"uv": [7, 8, 8, 13], "texture": "#0"},
        "down": {"uv": [7, 8, 8, 13], "texture": "#0"}
      }
    },
    {
      "from": [3, 0, 3],
      "to": [4, 1, 8],
      "rotation": {"angle": -22.5, "axis": "y", "origin": [9, 8, 5.5]},
      "faces": {
        "north": {"uv": [7, 15, 8, 16], "texture": "#0"},
        "south": {"uv": [11, 15, 12, 16], "texture": "#0"},
        "west": {"uv": [7, 15, 12, 16], "texture": "#0"},
        "up": {"uv": [7, 14, 12, 15], "rotation": 90, "texture": "#0"},
        "down": {"uv": [7, 15, 12, 16], "rotation": 90, "texture": "#0"}
      }
    },
    {
      "from": [14, 0, 3],
      "to": [15, 1, 8],
      "rotation": {"angle": -22.5, "axis": "y", "origin": [9, 8, 5.5]},
      "faces": {
        "north": {"uv": [11, 15, 12, 16], "texture": "#0"},
        "east": {"uv": [7, 15, 12, 16], "texture": "#0"},
        "south": {"uv": [7, 15, 8, 16], "texture": "#0"},
        "up": {"uv": [7, 14, 12, 15], "rotation": 270, "texture": "#0"},
        "down": {"uv": [7, 15, 12, 16], "rotation": 270, "texture": "#0"}
      }
    },
    {
      "name": "seed",
      "from": [8, 8, 6],
      "to": [9.5, 8.75, 7.5],
      "rotation": {"angle": 0, "axis": "y", "origin": [9, 8, 8]},
      "faces": {
        "north": {"uv": [13, 0, 15, 1], "rotation": 180, "texture": "#0"},
        "east": {"uv": [14, 0, 15, 2], "rotation": 90, "texture": "#0"},
        "south": {"uv": [13, 1, 15, 2], "texture": "#0"},
        "west": {"uv": [13, 0, 14, 2], "rotation": 270, "texture": "#0"},
        "up": {"uv": [13, 0, 15, 2], "texture": "#0"}
      }
    },
    {
      "name": "seed",
      "from": [10, 8, 5],
      "to": [11.5, 8.75, 6.5],
      "faces": {
        "north": {"uv": [11, 0, 13, 1], "rotation": 180, "texture": "#0"},
        "east": {"uv": [12, 0, 13, 2], "rotation": 90, "texture": "#0"},
        "south": {"uv": [11, 1, 13, 2], "texture": "#0"},
        "west": {"uv": [11, 0, 12, 2], "rotation": 270, "texture": "#0"},
        "up": {"uv": [11, 0, 13, 2], "texture": "#0"}
      }
    },
    {
      "name": "seed",
      "from": [2, 0, 9],
      "to": [3.5, 0.75, 10.5],
      "rotation": {"angle": 0, "axis": "y", "origin": [9, 8, 9]},
      "faces": {
        "north": {"uv": [13, 0, 15, 1], "rotation": 180, "texture": "#0"},
        "east": {"uv": [14, 0, 15, 2], "rotation": 90, "texture": "#0"},
        "south": {"uv": [13, 1, 15, 2], "texture": "#0"},
        "west": {"uv": [13, 0, 14, 2], "rotation": 270, "texture": "#0"},
        "up": {"uv": [13, 0, 15, 2], "texture": "#0"},
        "down": {"uv": [13, 2, 15, 0], "texture": "#0"}
      }
    },
    {
      "name": "seed",
      "from": [3, 0, 11],
      "to": [4.5, 0.75, 12.5],
      "faces": {
        "north": {"uv": [11, 0, 13, 1], "rotation": 180, "texture": "#0"},
        "east": {"uv": [12, 0, 13, 2], "rotation": 90, "texture": "#0"},
        "south": {"uv": [11, 1, 13, 2], "texture": "#0"},
        "west": {"uv": [11, 0, 12, 2], "rotation": 270, "texture": "#0"},
        "up": {"uv": [11, 0, 13, 2], "texture": "#0"},
        "down": {"uv": [11, 2, 13, 0], "texture": "#0"}
      }
    },
    {
      "name": "seed",
      "from": [5, 0, 13],
      "to": [6.5, 0.75, 14.5],
      "rotation": {"angle": 22.5, "axis": "y", "origin": [5.75, 8, 13.75]},
      "faces": {
        "north": {"uv": [13, 0, 15, 1], "rotation": 180, "texture": "#0"},
        "east": {"uv": [14, 0, 15, 2], "rotation": 90, "texture": "#0"},
        "south": {"uv": [13, 1, 15, 2], "texture": "#0"},
        "west": {"uv": [13, 0, 14, 2], "rotation": 270, "texture": "#0"},
        "up": {"uv": [13, 0, 15, 2], "texture": "#0"},
        "down": {"uv": [13, 2, 15, 0], "texture": "#0"}
      }
    },
    {
      "name": "seed",
      "from": [8, 0, 11],
      "to": [9.5, 0.75, 12.5],
      "rotation": {"angle": -22.5, "axis": "y", "origin": [8.75, 8, 11.75]},
      "faces": {
        "north": {"uv": [11, 0, 13, 1], "rotation": 180, "texture": "#0"},
        "east": {"uv": [12, 0, 13, 2], "rotation": 90, "texture": "#0"},
        "south": {"uv": [11, 1, 13, 2], "texture": "#0"},
        "west": {"uv": [11, 0, 12, 2], "rotation": 270, "texture": "#0"},
        "up": {"uv": [11, 0, 13, 2], "texture": "#0"},
        "down": {"uv": [11, 2, 13, 0], "texture": "#0"}
      }
    },
    {
      "name": "seed",
      "from": [8.75, 0, 11],
      "to": [10.25, 0.75, 12.5],
      "rotation": {"angle": -45, "axis": "z", "origin": [10.25, 0, 11.75]},
      "faces": {
        "north": {"uv": [13, 0, 15, 1], "rotation": 180, "texture": "#0"},
        "east": {"uv": [14, 0, 15, 2], "rotation": 90, "texture": "#0"},
        "south": {"uv": [13, 1, 15, 2], "texture": "#0"},
        "west": {"uv": [13, 0, 14, 2], "rotation": 270, "texture": "#0"},
        "up": {"uv": [13, 0, 15, 2], "texture": "#0"},
        "down": {"uv": [13, 2, 15, 0], "texture": "#0"}
      }
    },
    {
      "name": "seed",
      "from": [13, 0, 13],
      "to": [14.5, 0.75, 14.5],
      "rotation": {"angle": 0, "axis": "y", "origin": [18, 8, 10]},
      "faces": {
        "north": {"uv": [11, 0, 13, 1], "rotation": 180, "texture": "#0"},
        "east": {"uv": [12, 0, 13, 2], "rotation": 90, "texture": "#0"},
        "south": {"uv": [11, 1, 13, 2], "texture": "#0"},
        "west": {"uv": [11, 0, 12, 2], "rotation": 270, "texture": "#0"},
        "up": {"uv": [11, 0, 13, 2], "texture": "#0"},
        "down": {"uv": [11, 2, 13, 0], "texture": "#0"}
      }
    }
  ],
  "groups": [
    {
      "name": "sack",
      "origin": [16.75, 8.5, 15.25],
      "children": [0, 1, 2, 3, 4, 5, 6]
    }, 7, 8, 9, 10, 11, 12, 13, 14]
}